Country,Capital,Official language,Religion,Area,Population,GDP PPP,GDP Nominal,Currency
Afghanistan,Kabul34°31′N 69°11′E﻿ / ﻿34.517°N 69.183°E﻿ / 34.517; 69.183Coordinates: 34°31′N 69°11′E﻿ / ﻿34.517°N 69.183°E﻿ / 34.517; 69.183[3],PashtoDari,99.7% Islam (official)0.3% Others,"• Total652,867[16]km2(252,073 sq mi) (40th) • Water (%)negligible","• 2022 estimate38,346,720[17](37th) • Density48.08/km2(124.5/sq mi) (174th)","• Total$72.911 billion[18](96th) • Per capita$2,024[18](169th)",• Total$21.657 billion[18](111st) • Per capita$493[18](177th),Afghani (افغانی) (AFN)
Albania,Tirana41°19′N 19°49′E﻿ / ﻿41.317°N 19.817°E﻿ / 41.317; 19.817,Albanian,59% Islam17% Christianity9% No religion15% Undeclared[1],"• Total28,748 km2(11,100 sq mi) (140th) • Water (%)4.7","• January 2022 estimate2,793,592[2] • 2011 census2,821,977[3] • Density97/km2(251.2/sq mi)",• Total$51.1 billion[4](118th) • Per capita$17.858[4](85th),"• Total$18.25 billion[4](125th) • Per capita$6,369[4](96th)",Lek (ALL)
Algeria,Algiers36°42′N 3°13′E﻿ / ﻿36.700°N 3.217°E﻿ / 36.700; 3.217,"Arabic
Tamazight",99% Sunni Islam (official)1% other (inc. Christians and Jews)[3],"• Total2,381,741 km2(919,595 sq mi) (10th) • Water (%)1.1","• 2021 estimate44,700,000[5](32nd) • Density17.7/km2(45.8/sq mi) (168th)","• Total$708.568 billion[6](43rd) • Per capita$13,324[6](111th)","• Total$190.155 billion[6](58th) • Per capita$4,151[6](130th)",Algerian dinar (DZD)
Andorra,Andorra la Vella42°30′23″N 1°31′17″E﻿ / ﻿42.50639°N 1.52139°E﻿ / 42.50639; 1.52139,Catalan[1][a],Christianity (Catholicism),• Total467.63 km2(180.55 sq mi) (178th) • Water (%)0.26 (121.4ha)[b],"• 2022 estimate79,877[9](203rd) • Density179.8/km2(465.7/sq mi) (71st)",,"• TotalUS$3.400 billion[10] • Per capita$41,930",Euro (€)[d] (EUR)
Angola,Luanda8°50′S 13°20′E﻿ / ﻿8.833°S 13.333°E﻿ / -8.833; 13.333,Portuguese,92.9% Christianity—53.9% Roman Catholic—27.4% Protestant—11.6% Other Christian5.1% Traditional faiths1.1% Islam0.9% Other / None,"• Total1,246,700 km2(481,400 sq mi) (22nd) • Water (%)negligible","• 2022 estimate34,795,287[4](42nd) • 2014 census25,789,024[5] • Density24.97/km2(64.7/sq mi) (157th)","• Total$245.44 billion[6](62nd) • Per capita$7,455[6](129th)","• Total$124.79 billion[6](61st) • Per capita$3,791[6](125th)",Angolan kwanza (AOA)
Antigua and Barbuda,St. John's17°7′N 61°51′W﻿ / ﻿17.117°N 61.850°W﻿ / 17.117; -61.850,,"92.7% Christianity
66.6% Protestantism
26.1% Other Christian3.6% Rastafari1.9% No religion1.1% Baha'i faith0.7% Other",• Total440 km2(170 sq mi) (182nd) • Water (%)negligible,"• 2022 estimate100,772[7](182nd) • 2011 census84,816 • Density186/km2(481.7/sq mi)","• Total$2.731 billion (196th) • Per capita$29,298[8](94th)","• Total$1.717 billion (193rd) • Per capita$18,416[8](75th)",East Caribbean dollar (XCD)
Argentina,Buenos Aires34°36′S 58°23′W﻿ / ﻿34.600°S 58.383°W﻿ / -34.600; -58.383,Spanish[a],58.9% Christianity—48.9% Roman Catholic—10.0% Other Christian39.8% No religion1.3% Other,"• Total2,780,400 km2(1,073,500 sq mi)[B](8th) • Water (%)1.57","• 2022 census46,044,703[9](32nd) • Density14.4/km2(37.3/sq mi)[8](214th)","• Total$1.207 trillion[10](29th) • Per capita$26,074[10](63th)","• Total$630.698 billion[10](24th) • Per capita$13,622[10](62th)",Argentine peso ($) (ARS)
Armenia,Yerevan40°11′N 44°31′E﻿ / ﻿40.183°N 44.517°E﻿ / 40.183; 44.517Coordinates: 40°11′N 44°31′E﻿ / ﻿40.183°N 44.517°E﻿ / 40.183; 44.517,Armenian[1],Christianity (Armenian Apostolic Church)[4],"• Total29,743 km2(11,484 sq mi) (138th) • Water (%)4.71[8]","• 2022 estimate3,000,756[9](138th) • Density101.5/km2(262.9/sq mi)","• Total$49.7 billion[10](120th) • Per capita$16,798[10](90th)","• Total$17.6 billion[10](129th) • Per capita$5,972[10](99th)",Dram (֏) (AMD)
Australia,Canberra35°18′29″S 149°07′28″E﻿ / ﻿35.30806°S 149.12444°E﻿ / -35.30806; 149.12444,None at the federal level,43.9% Christianity38.9% no religion3.2% Islam2.7% Hinduism2.4% Buddhism1.7% other7.2% unanswered,"• Total7,692,024 km2(2,969,907 sq mi) (6th) • Water (%)1.79 (2015)[6]","• 2023 estimate26,436,700[7](53rd) • 2021 census25,890,773[8] • Density3.4/km2(8.8/sq mi) (192nd)","• Total$1.718 trillion[9](20th) • Per capita$65,366[9](22nd)","• Total$1.708 trillion[9](13th) • Per capita$64,964[9](10th)",Australian dollar ($) (AUD)
Austria,Vienna48°12′N 16°21′E﻿ / ﻿48.200°N 16.350°E﻿ / 48.200; 16.350,"Hungarian
Slovene
Croatian[1][2]","64.1% Christianity
55.2% Catholicism
5.1% Orthodoxy
3.8% other Christian26.4% no religion8.3% Islam1.2% other","• Total83,871 km2(32,383 sq mi) (113th) • Water (%)0.84 (2015)[6]","• April 2022 estimate9,027,999[7](98th) • Density107.6/km2(278.7/sq mi) (106th)","• Total$700.203 billion[8](43rd) • Per capita$64,750[8](14th)","• Total$479.820 billion[8](33rd) • Per capita$53,320[8](17th)",Euro (€) (EUR)
Azerbaijan,Baku40°23′43″N 49°52′56″E﻿ / ﻿40.39528°N 49.88222°E﻿ / 40.39528; 49.88222,Azerbaijani[1],96.2% Islam—60% Shia Islam—40% Sunni Islam2.4% Christianity1.3% - 52%No religion0.1% Other[3][4],"• Total86,600 km2(33,400 sq mi) (112th) • Water (%)1.6","• 2022 estimate10,353,296[6](90th) • Density117/km2(303.0/sq mi) (99th)","• Total$189.8 billion[7](79th) • Per capita$18,310[7](87th)","• Total$71.2 billion[7](82nd) • Per capita$6,872[7](88th)",Manat (₼) (AZN)
The Bahamas,Nassau25°04′41″N 77°20′19″W﻿ / ﻿25.07806°N 77.33861°W﻿ / 25.07806; -77.33861,English,"93.0% Christianity
75.1% Protestantism
17.9% other Christian4.5% no religion1.9% folk religions0.6% other","• Total13,878 km2(5,358 sq mi) (155th) • Water (%)28%","• 2022 estimate400,516 (170th) • 2022 census399,314[8] • Density25.21/km2(65.3/sq mi) (181st)","• Total$16.130 billion[9](148th) • Per capita$40,274[9](40th)","• Total$12.803 billion[9](130th) • Per capita$32,077[9](26th)",Bahamian dollar (BSD) United States dollar (USD)
Bahrain,Manama26°13′N 50°35′E﻿ / ﻿26.217°N 50.583°E﻿ / 26.217; 50.583,Arabic[1],80.6% Islam (official)—52.4% Shia Islam—28.2% Sunni Islam12.1% Christianity6.4% Hinduism0.5% No religion0.4% Others,• Total786.5[8]km2(303.7 sq mi) (173rd) • Water (%)negligible,"• 2021 estimate1,463,265[9][10](149th) • 2020 census1,501,635[4] • Density1,864/km2(4,827.7/sq mi) (6th)","• Total$87.150 billion[11](101st) • Per capita$57,142[12](23rd)","• Total$44.169 billion[12](97th) • Per capita$29,103[12](39th)",Bahraini dinar (BHD)
Bangladesh,Dhaka23°45′50″N 90°23′20″E﻿ / ﻿23.76389°N 90.38889°E﻿ / 23.76389; 90.38889,Bengali[4],91.04% Islam (official)7.95% Hinduism0.61% Buddhism0.30% Christianity0.12% Others,"18,290 km2[10]","• 2023 census169,828,911[11](8th) • Density1,106/km2(2,864.5/sq mi) (7th)","• Total$1.48 trillion[12](25th) • Per capita$8,660[12](129th)","• Total$421 billion[12](37th) • Per capita$2,469[12](145th)",Taka (৳) (BDT)
Barbados,Bridgetown13°05′52″N 59°37′06″W﻿ / ﻿13.09778°N 59.61833°W﻿ / 13.09778; -59.61833,English,75.6% Christianity20.6% No religion2.5% Others1.3% Unspecified[1],• Total439 km2(169 sq mi) (183rd) • Water (%)Negligible,"• 2022 estimate281,635[2](174th) • 2010 census277,821[3] • Density660/km2(1,709.4/sq mi) (17th)","• Total$5.01 billion[4](175th) • Per capita$17,314[4](90th)","• Total$5.7 billion[4](165th) • Per capita$20,004[4](50th)",Barbadian dollar ($) (BBD)
Belarus,Minsk53°55′N 27°33′E﻿ / ﻿53.917°N 27.550°E﻿ / 53.917; 27.550,BelarusianRussiana,91.0% Christianity—83.3% Eastern Orthodoxy—7.7% Other Christian7.8% No religion1.2% Other,"• Total207,595 km2(80,153 sq mi) (84th) • Water (%)1.4% (2.830 km2or 1.093 sq mi)b","• 2022 estimate9,255,524[8](96th) • Density45.8/km2(118.6/sq mi)","• Total$201.97 billion[9](73rd) • Per capita$21,710[9](71st)","• Total$79.7 billion[9](74th) • Per capita$8,570[9](82nd)",Belarusian ruble (BYN)
Belgium,Brussels50°51′N 4°21′E﻿ / ﻿50.850°N 4.350°E﻿ / 50.850; 4.350,DutchFrenchGerman,"60% Christianity
54% Roman Catholic
6% Other Christian
31% No religion
7% Islam
2% Others","• Total30,528[4]km2(11,787 sq mi) (136th) • Water (%)0.71 (2015)[5]","• 2022 estimate11,584,008[6](82nd) • Density376/km2(973.8/sq mi) (22nd)","• Total$723 billion[7](37th) • Per capita$62,065[7](20th)","• Total$589 billion[7](26th) • Per capita$50,598[7](17th)",Euro (€) (EUR)
Belize,Belmopan17°15′N 88°46′W﻿ / ﻿17.250°N 88.767°W﻿ / 17.250; -88.767,English,87.6% Christianity9.7% No religion1.5% Folk religions1.2% Other,"• Total22,966 km2(8,867 sq mi)[4][5](147th) • Water (%)0.8","• 2022 estimate441,471[6](168th) • Density17.79/km2(46.1/sq mi) (169th)","• Total$4.224 billion[7](180th) • Per capita$9,623[7](123rd)",• Total$2.67 billion[7](179th) • Per capita$6.098[7](98th),Belize dollar (BZD)
Benin,Porto-Novoa,French,52.2% Christianity24.6% Islam17.9% Traditional faiths5.2% No religion0.1% Others,"• Total114,763 km2(44,310 sq mi)[3](100th) • Water (%)0.4%","• 2022 estimate13,754,688[4](74th) • Density94.8/km2(245.5/sq mi)","• Total$29.918 billion[5](137th) • Per capita$2,552[5](163rd)",• Total$11.386 billion[5](141st) • Per capita$971[5](163rd),West African CFA franc (XOF)
Bhutan,Thimphu27°28.0′N 89°38.5′E﻿ / ﻿27.4667°N 89.6417°E﻿ / 27.4667; 89.6417,Dzongkha,"84.3% Buddhism (official)
11.3% Hinduism
3.2% Bon
0.7% Christianity
0.5% Other","• Total38,394 km2(14,824 sq mi)[3][4](133rd) • Water (%)1.1","• 2021 estimate777,486[5][6](165th) • 2022 census727,145[7] • Density19.3/km2(50.0/sq mi) (162nd)","• Total$9.8 billion[8](166th) • Per capita$12,970[8](95th)","• Total$2.6 billion[8](178th) • Per capita$3,144[8](124th)",Ngultrum (BTN) Indian rupee (₹) (INR)
Bolivia,La Paz (executive and legislative)Sucre (constitutional and judicial),"Quechua
Aymara
Guarani
Other Indigenous languages","89.3% Christianity
70.1% Catholicism
17.3% Protestantism
1.9% Other Christian10.1% No religion0.6% Other","• Total1,098,581 km2(424,164 sq mi) (27th) • Water (%)1.29","• 2022 estimate12,054,379[6](79th) • Density10.4/km2(26.9/sq mi) (224th)","• Total$118.8 billion[7](94th) • Per capita$9,933[7](120th)","• Total$43.4 billion[7](96th) • Per capita$3,631[7](126th)",Boliviano (BOB)
Bosnia and Herzegovina,Sarajevo[1]43°52′N 18°25′E﻿ / ﻿43.867°N 18.417°E﻿ / 43.867; 18.417,BosnianCroatianSerbian[a],51% Islam46% Christianity—31% Serbian Orthodox Church—15% Roman Catholicism3% No Religion / Others,"• Total51,129 km2(19,741 sq mi) (125th) • Water (%)1.4%","• 2020 estimate3,475,000[7](135th) • 2013 census3,531,159[2] • Density69/km2(178.7/sq mi)","• Total$65.667 billion[8](110th) • Per capita$18,956[8](84th)","• Total$24.531 billion[9](115th) • Per capita$7,081[9](89th)",Convertible mark (BAM)
Botswana,Gaborone24°39.5′S 25°54.5′E﻿ / ﻿24.6583°S 25.9083°E﻿ / -24.6583; 25.9083,English[1],"79.1%
 Christianity—70.2% Protestantism—8.9% Other Christian15.2% No religion4.1% Badimo1.4% Others[a]0.3% Unspecified[3]","• Total581,730 km2(224,610 sq mi)[7](47th) • Water (%)2.7","• 2022 estimate2,384,246[8](145th) • 2022 census2,359,609[9] • Density4.1/km2(10.6/sq mi) (231st)","• Total$47.04 billion[10](123rd) • Per capita$19,199[10](77th)","• Total$18.00 billion[10](127th) • Per capita$7,348[10](87th)",Pula (BWP)
Brazil,Brasília15°47′S 47°52′W﻿ / ﻿15.783°S 47.867°W﻿ / -15.783; -47.867,Portuguese,"88.8% Christianity
64.6% Catholicism
22.2% Protestantism
2.0% other Christian
8.0% no religion
2.0% Spiritism
1.2% other","• Total8,515,767 km2(3,287,956 sq mi) (5th) • Water (%)0.65","• 2022 estimate217,240,060[5](7th) • Density25/km2(64.7/sq mi) (193rd)","• Total$3.958 trillion[6](8th) • Per capita$18,396[6](86th)","• Total$2.059 trillion[6](12th) • Per capita$9,571[6](81st)",Real (R$) (BRL)
Brunei,Bandar Seri Begawan4°53.417′N 114°56.533′E﻿ / ﻿4.890283°N 114.942217°E﻿ / 4.890283; 114.942217,Malay[1],80.9% Sunni Islam (official)7.1% Christianity7% Buddhism5% other (includes Indigenous beliefs),"• Total5,765 km2(2,226 sq mi) (164th) • Water (%)8.6","• 2020 estimate460,345[9](175th) • 2016 census417,256 • Density72.11/km2(186.8/sq mi) (134th)","• Total$31.904 billion[10](145th) • Per capita$74,952[10](9th)","• Total$18.464 billion[10](122nd) • Per capita$42,939[10](23rd)",Brunei dollar (BND)
Bulgaria,Sofia42°41′N 23°19′E﻿ / ﻿42.683°N 23.317°E﻿ / 42.683; 23.317Coordinates: 42°41′N 23°19′E﻿ / ﻿42.683°N 23.317°E﻿ / 42.683; 23.317,Bulgarian[1],"64.7% Christianity
62.7% Bulgarian Orthodoxy
2.0% other Christian15.9% no religion9.8% Islam0.1% other9.5% unanswered","• Total110,993.6[3]km2(42,854.9 sq mi) (103rd) • Water (%)2.16[4]","• 2021 estimate6,520,314 (109th) • Density63/km2(163.2/sq mi) (154th)","• TotalUS$203 billion[5](73rd) • Per capita$27,890[5](55th)","• Total$86 billion[5](68th) • Per capita$12,340[5](61st)",Lev (BGN)
Burkina Faso,Ouagadougou12°22′N 1°32′W﻿ / ﻿12.367°N 1.533°W﻿ / 12.367; -1.533,French,63.8% Islam26.3% Christianity9.0% Traditional faiths0.9% Others / None,"• Total274,200 km2(105,900 sq mi) (74th) • Water (%)0.146%","• 2022 estimate21,935,389[4](59th) • 2019 census20,505,155[5] • Density64/km2(165.8/sq mi)","• Total$58.8
 billion (114th) • Per capita$2,656[6](171th)",• Total$18.2   billion (124th) • Per capita$825[7](180th),West African CFA franc[10] (XOF)
Burundi,"Gitega (political)
Bujumbura (economic)[a]3°30′S 30°00′E﻿ / ﻿3.500°S 30.000°E﻿ / -3.500; 30.000",KirundiFrench,93.4% Christianity—63.7% Roman Catholic—25.2% Protestant—4.5% Other Christian4.3% Traditional faiths2.1% Islam0.2% Others / None,"• Total27,834 km2(10,747 sq mi)[4](142nd) • Water (%)10[5]","• 2022 estimate12,574,571[6](77th) • 2008 census8,053,574[4] • Density401.6/km2(1,040.1/sq mi) (20th)",• Total$10.8 billion[7](164th) • Per capita$865[7](193rd),• Total$3.6 billion[7](173rd) • Per capita$292[7](192nd),Burundian franc (FBu) (BIF)
Cambodia,Phnom Penh11°33′N 104°55′E﻿ / ﻿11.550°N 104.917°E﻿ / 11.550; 104.917,Khmer[1],97.1% Buddhism (official)[3]2.0% Islam0.3% Christianity0.5% Others[4],"• Total181,035 km2(69,898 sq mi) (88th) • Water (%)2.5","• 2022 estimate16,713,015[5](72nd) • Density87/km2(225.3/sq mi)","• Total$89.2 billion[6](100th) • Per capita$5,583[6](145th)","• Total$28.030 billion[6](108th) • Per capita$1,771[6](152nd)",Riel (៛) (KHR; de jure and de facto)United States dollar ($) (USD; de facto)[9][10]
Cameroon,Yaoundé[1]3°52′N 11°31′E﻿ / ﻿3.867°N 11.517°E﻿ / 3.867; 11.517,French • English,59.7% Christianity20.2% Islam19.0% Traditional faiths0.8% No religion0.3% Others,"• Total475,442 km2(183,569 sq mi) (53rd) • Water (%)0.57[1]","• 2022 estimate29,321,637[1](51st) • Density39.7/km2(102.8/sq mi)","• Total$101.950 billion[7](94th) • Per capita$3,745[7](187th)","• Total$44.893 billion[7](89th) • Per capita$1,649[7](150th)",Central African CFA franc (XAF)
Canada,Ottawa45°24′N 75°40′W﻿ / ﻿45.400°N 75.667°W﻿ / 45.400; -75.667,EnglishFrench,,"9,093,507 km2 (3,511,023 sq mi)","• 2023 Q1 estimate39,566,248[3](37th) •2021census36,991,981[4] • Density4.2/km2(10.9/sq mi) (236th)","• Total$2.385 trillion[5](15th) • Per capita$60,177[5](28th)","• Total$2.090trillion[5](9th) • Per capita$52,722[5](18th)",Canadian dollar ($) (CAD)
Cape Verde,Praia14°55′N 23°31′W﻿ / ﻿14.917°N 23.517°W﻿ / 14.917; -23.517,Portuguese[1],85.3% Christianity—77.3% Catholicism—8.0% Other Christian10.8% No religion3.9% Others[2],"• Total4,033 km2(1,557 sq mi) (166th) • Water (%)negligible","• 2021 census561,901[5](172nd) • Density123.7/km2(320.4/sq mi) (89th)","• Total$4.413 billion • Per capita$7,740[6]","• Total$1.997 billion • Per capita$3,502[6]",Cape Verdean escudo (CVE)
Central African Republic,Bangui4°22′N 18°35′E﻿ / ﻿4.367°N 18.583°E﻿ / 4.367; 18.583,French • Sango,73.2% Christianity13.9% Islam12.0% Traditional faiths0.9% other / none,"• Total622,984 km2(240,535 sq mi) (44th) • Water (%)0","• 2022 estimate5,454,533[2](119th) • Density7.1/km2(18.4/sq mi) (221st)","• Total$5.46 billion[3](170th) • Per capita$1,088[3](190th)",• Total$2.48 billion[3](182nd) • Per capita$496[3](191st),"Central African CFA franc (XAF)
Bitcoin (BTC)[6]"
Chad,N'Djamena12°06′N 16°02′E﻿ / ﻿12.100°N 16.033°E﻿ / 12.100; 16.033,ArabicFrench,55.1% Islam41.1% Christianity2.4% No religion1.3% Animism0.1% Others,"• Total1,284,000 km2(496,000 sq mi)[5](20th) • Water (%)1.9","• 2022 estimate17,963,211[6](67th) • Density8.6/km2(22.3/sq mi)","• Total$32.062 billion[7](147th) • Per capita$1,789[7](179th)",• Total$13.523 billion[7](145th) • Per capita$755[7](183nd),Central African CFA franc (XAF)
Chile,Santiagoa33°26′S 70°40′W﻿ / ﻿33.433°S 70.667°W﻿ / -33.433; -70.667,,"62.1% Christianity
52.6% Catholicism
9.5% Other Christian37.4% No religion0.5% Other","• Total756,096.3[2]km2(291,930.4 sq mi) (37th) • Water (%)2.1 (as of 2015)[3]","• 2022 estimate18,430,408[4](66th) • 2017 census17,574,003[5](64th) • Density24/km2(62.2/sq mi) (198th)","• Total$568.319 billion[6](45th) • Per capita$28,526[6](64th)","• Total$317.594 billion[6](45th) • Per capita$15,941[6](62nd)",Chilean peso (CLP)
China,Beijing39°55′N 116°23′E﻿ / ﻿39.917°N 116.383°E﻿ / 39.917; 116.383,Standard Chinese[a],74.5% no religion / folk18.3% Buddhism5.2% Christianity1.6% Islam0.4% others,"• Total9,596,961 km2(3,705,407 sq mi)[g][5](3rd / 4th) • Water (%)2.8[h]","• 2022 estimate1,411,750,000[7](1st[i]) • 2020 census1,411,778,724[8](1st) • Density145[9]/km2(375.5/sq mi) (83rd)","• Total$33.015 trillion[10](1st) • Per capita$23,382[10](73th)","• Total$19.374 trillion[j][10](2nd) • Per capita$13,721[10](64th)",Renminbi (元/¥)[k] (CNY)
Colombia,Bogotá4°35′N 74°4′W﻿ / ﻿4.583°N 74.067°W﻿ / 4.583; -74.067,Spanish,"87.0% Christianity
70.2% Roman Catholic
16.8% Other Christian11.1% No religion1.9% Other","• Total1,141,748 km2(440,831 sq mi) (25th) • Water (%)2.1 (as of 2015)[3]","• 2022 estimate52,156,254[4](27th) • Density42.23/km2(109.4/sq mi) (173rd)","• Total$940.589 billion[5](32nd) • Per capita$18,225[5](84th)","• Total$351.281 billion[5](43rd) • Per capita$6,806[5](97th)",Colombian peso (COP)
Comoros,Moroni11°41′S 43°16′E﻿ / ﻿11.683°S 43.267°E﻿ / -11.683; 43.267,ComorianFrenchArabic,98% Sunni Islam (Official) 2% Christianity,"• Total1,861 km2(719 sq mi) (170th) • Water (%)negligible","• 2019 estimate850,886 (160th) • Density457/km2(1,183.6/sq mi) (27th)","• Total$2.446 billion[4](178th) • Per capita$2,799[4](177th)","• Total$1.179 billion[4](182nd) • Per capita$1,349[4](165th)",Comorian franc (KMF)
Democratic Republic of the Congo,Kinshasa4°19′S 15°19′E﻿ / ﻿4.317°S 15.317°E﻿ / -4.317; 15.317,French,"94.9% Christianity
54.8% Catholicism
40.1% Other Christian2.6% Traditional faiths1.5% Islam1.0% Others / None","• Total2,345,409 km2(905,567 sq mi) (11th) • Water (%)3.32","• 2023 estimate111,859,928[3](14th) • Density46.3/km2(119.9/sq mi)","• Total$128 billion[4](90th) • Per capita$1,327[4](188th)",• Total$64 billion[4](86th) • Per capita$660[4](190th),Congolese franc (CDF)
Republic of the Congo,Brazzaville4°16′S 15°17′E﻿ / ﻿4.267°S 15.283°E﻿ / -4.267; 15.283,French,87.1% Christianity8.0% No religion2.7% Traditional faiths1.2% Islam1.0% Others,"• Total342,000 km2(132,000 sq mi) (64th) • Water (%)3.3","• 2022 estimate5,546,307[3](118th) • Density17/km2(44.0/sq mi)","• Total$23.0 billion[4](150th) • Per capita$4,682[4](149th)","• Total$14.4 billion[4](142nd) • Per capita$2,945[4](138th)",Central African CFA franc (XAF)
Costa Rica,San José9°56′N 84°5′W﻿ / ﻿9.933°N 84.083°W﻿ / 9.933; -84.083,Spanish,72.6% Christianity—47.5% Roman Catholic (official)[3]—22.5% Protestant—2.6% Other Christian27.0% No religion0.4% Others,"• Total51,100 km2(19,700 sq mi) (126th) • Water (%)1.05 (as of 2015)[5]","• 2022 estimate5,204,411[6](124th) • Density220/sq mi (84.9/km2) (107th)","• Total$129.95 billion[7](90th) • Per capita$24,837[7](66th)","• Total$68.489 billion[7](85th) • Per capita$13,090[7](64th)",Costa Rican colón (CRC)
Croatia,Zagreb45°48′N 16°0′E﻿ / ﻿45.800°N 16.000°E﻿ / 45.800; 16.000,Croatian[b],87.4% Christianity—79.0% Catholicism—3.3% Orthodoxy—5.1% Other Christian6.4% No religion2.3% Others3.9% Undeclared[4],"• Total56,594 km2(21,851 sq mi) (124th) • Water (%)1.09","• 2021 census3,871,833[6](128th) • Density68.4/km2(177.2/sq mi) (152nd)","• Total$163 billion[7](77th) • Per capita$42,530[7](45th)","• Total$78 billion[7](77th) • Per capita$20,537[7](49th)",Euro (€) (EUR)
Cuba,Havana23°8′N 82°23′W﻿ / ﻿23.133°N 82.383°W﻿ / 23.133; -82.383,Spanish,58.9% Christianity23.2% No religion17.6% Folk religions0.3% Other,"• Total109,884 km2(42,426 sq mi) (104th) • Water (%)0","• 2022 estimate11,008,112[6](84th) • 2021 census11,113,215[7](83rd) • Density101.8/km2(263.7/sq mi) (80th)","• Total$254.865 billion[8] • Per capita$22,237[8][9]","• Total$107.352 billion[10](60th) • Per capita$9,478[10](84th)",Cuban peso (CUP)
Cyprus,Nicosia35°10′N 33°22′E﻿ / ﻿35.167°N 33.367°E﻿ / 35.167; 33.367,GreekTurkish[2],72.3% Christianity25.0% Islam1.9% No religion0.8% Other[3],"• Total[c]9,251 km2(3,572 sq mi) (162nd) • Water (%)0.11[5]","• 2021 estimate1,244,188[c][6][7](158th) • 2011 census838,897[d][8] • Density123.4[c][9]/km2(319.6/sq mi) (82nd)","• Total$49.857 billion[10](124th) • Per capita$54,611[10](31st)","• Total$30.864 billion[10](105th) • Per capita$33,807[10](31st)",Euro (€) (EUR)
Czech Republic,Prague50°05′N 14°28′E﻿ / ﻿50.083°N 14.467°E﻿ / 50.083; 14.467,Czech[1],"56.9% No religion
11.7% Christianity
9.3% Catholicism
2.4% Other Christian1.2% Others30.1% No answer","• Total78,871 km2(30,452 sq mi) (115th) • Water (%)2.14 (as of 2021)[4]","• 2022 estimate10,533,399[5](86th) • 2021 census10,524,167[2] • Density133/km2(344.5/sq mi) (91st)","• Total$509.953  billion[6](48th) • Per capita$47,527[6](36th)","• Total$296.238  billion[6](48th) • Per capita$27,609[6](43rd)",Czech koruna (CZK)
Danish Realm,Copenhagen[b],Danish,,"• Denmark42,926 km2(16,574 sq mi) • Faroe Islands1,396 km2(538.999 sq mi) • Greenland2,166,086 km2(836,330 sq mi)","• Q3 2021 estimate5,958,380[9](114th) • Faroe Islands52,110[10] • Greenland56,081[11] • Summer (DST)ListUTC+2 (CEST) (Denmark)UTC+1 (WEST) (Faroe Islands)UTC-3 to 0 (ADT,WGST,EGST, GMT) (Greenland)",,,Danish krone[d] (DKK)
Djibouti,Djibouti11°36′N 43°10′E﻿ / ﻿11.600°N 43.167°E﻿ / 11.600; 43.167,ArabicFrench,94% Islam6% Christianity,"• Total23,200[1]km2(8,958 sq mi)[1](146th) • Water (%)0.09 (20 km² / 7.7 sq mi)","• 2022 estimate957,273[4](162nd) • Density37.2/km2(96.3/sq mi) (168th)","• Total$6.61 billion[5](167th) • Per capita$6,514[5](137th)","• Total$3.7  billion[5](172nd) • Per capita$3,666[5](126th)",Djiboutian franc (DJF)
Dominica,Roseau15°18′N 61°23′W﻿ / ﻿15.300°N 61.383°W﻿ / 15.300; -61.383,English,94.4% Christianity3.0% Folk religions1.7% Other0.9% None[3],• Total750 km2(290 sq mi) (174th) • Water (%)1.6,"• 2021 estimate72,412[4][5](186th) • 2011 census72,000[6] • Density105/km2(271.9/sq mi) (95th)","• Total$688 million[7] • Per capita$9,726[7]","• Total$485 million[7] • Per capita$7,860[7]",East Caribbean dollar (XCD)
Dominican Republic,Santo Domingo19°00′N 70°40′W﻿ / ﻿19.000°N 70.667°W﻿ / 19.000; -70.667,Spanish,66.7% Christianity—44.3% Roman Catholic—21.3% Protestant—1.1% Other Christian29.6% No religion0.7% Other2.0% Unspecified,"• Total48,671 km2(18,792 sq mi) (128th) • Water (%)0.7[4]","• 2022 estimate10,694,700[11](87th) •2010census9,445,281[12] • Density220/km2(569.8/sq mi) (65th)","• Total$254.99 billion[13](65th) • Per capita$23,983[13](68th)","• Total$109.08 billion[13](67th) • Per capita$10,259[13](94th)",Dominican peso[5] (DOP)
East Timor,Dili8°33′S 125°34′E﻿ / ﻿8.55°S 125.56°E﻿ / -8.55; 125.56Coordinates: 8°33′S 125°34′E﻿ / ﻿8.55°S 125.56°E﻿ / -8.55; 125.56,"Portuguese
Tetuma",99.53% Christianity—97.57% Catholicism—1.96% Protestantism0.24% Islam0.23% Other,"• Total14,874 km2(5,743 sq mi) (154th) • Water (%)Negligible","• 2021 estimate1,340,513 (153rd) • 2015 census1,183,643[5] • Density78/km2(202.0/sq mi) (137th)","• Total$5.3 billion[6](173rd) • Per capita$3,904[6](157th)","• Total$2.45 billion[6](183rd) • Per capita$1,793[6](151th)",United States dollarbEast Timor Centavo (USD)
Ecuador,Quito[1]00°13′12″S 78°30′43″W﻿ / ﻿0.22000°S 78.51194°W﻿ / -0.22000; -78.51194,Spanish[2],86.7% Christianity—68.8% Roman Catholic—16.8% Protestant—1.1% Other Christian12.9% No religion0.4% Other,"• Total283,561 km2(109,484 sq mi)[7](73rd) • Water (%)5","• 2022 estimate17,289,554[8](71st) • 2022 census18,048,628[9] • Density69/km2(178.7/sq mi) (148th)","• Total$229.815
 billion[10](68th) • Per capita$12,763[10](109th)","• Total$115.479 billion[10](63rd) • Per capita$6,413[10](95th)",United States dollarb (USD)
Egypt,Cairo30°2′N 31°13′E﻿ / ﻿30.033°N 31.217°E﻿ / 30.033; 31.217,Arabic,See Religion in Egypt,"• Total1,010,408[4][5]km2(390,121 sq mi) (29th) • Water (%)0.632","• 2023 estimate104,635,983[6](14th) •2017census94,798,827[7][8] • Density103.56/km2(268.2/sq mi) (118th)","• Total$1.8 trillion[9](18th) • Per capita$16,980[9](93rd)","• Total$378.110 billion[9](41st) • Per capita$3,644[9](128th)",Egyptian pound (LE/E£/£E) (EGP)
El Salvador,San Salvador13°41′56″N 89°11′29″W﻿ / ﻿13.69889°N 89.19139°W﻿ / 13.69889; -89.19139,Spanish,84.1% Christianity—44.9% Roman Catholic—37.1% Protestant—2.1% Other Christian15.2% No religion0.7% Other,"• Total21,041 km2(8,124 sq mi) (148th) • Water (%)1.5","• 2023 estimate6,572,243[5](109th) • Density324.4/km2(840.2/sq mi) (26th)","• Total$69.25 billion[6](109th) • Per capita$10,576[6](111th)","• Total$31.98 billion[6](104th) • Per capita$4,883[6](107th)",United States dollar (USD; since 2001)[a]Bitcoin (BTC; since September 2021)[10][11]
Equatorial Guinea,Malabo (current) Ciudad de la Paz (under construction)3°45′N 8°47′E﻿ / ﻿3.750°N 8.783°E﻿ / 3.750; 8.783,"Spanish
French[1]
Portuguese[2]",88.7% Christianity5.0% No religion4.0% Islam1.7% Traditional faiths0.6% Others,"• Total28,050 km2(10,830 sq mi) (141st) • Water (%)negligible","• 2022 estimate1,679,172[7](154th)","• Total$27.959 billion (148th) • Per capita$18,127[8]","• Total$16.012 billion (133rd) • Per capita$8,462[9]",Central African CFA franc (XAF)
Eritrea,Asmara15°20′N 38°55′E﻿ / ﻿15.333°N 38.917°E﻿ / 15.333; 38.917,None[1],See religion in Eritrea,"• Total117,600 km2(45,400 sq mi) (97th) • Water (%)14.1%",• 2020 estimate3.6-6.7 million[10][11][a],"• Total$6.88 billion[13] • Per capita$1,910[13]",• Total$2.25 billion[13] • Per capita$626[13],Nakfa (ERN)
Estonia,Tallinn59°25′N 24°45′E﻿ / ﻿59.417°N 24.750°E﻿ / 59.417; 24.750,Estonian,64.9% No religion34.0% Christianity1.1% Others,"• Total45,339 km2(17,505 sq mi) (129thd) • Water (%)4.6","• 2023 estimate1,357,739[2] • 2021 census1,331,824[3] • Density30.6/km2(79.3/sq mi) (148th)","• Total$61.757 billion[4](113th) • Per capita$46,385[4](40th)","• Total$41.55 billion[4](102th) • Per capita$31,207[4](37th)",Euro (€) (EUR)
Eswatini,"Mbabane (executive)
Lobamba (legislative)26°30′S 31°30′E﻿ / ﻿26.500°S 31.500°E﻿ / -26.500; 31.500Coordinates: 26°30′S 31°30′E﻿ / ﻿26.500°S 31.500°E﻿ / -26.500; 31.500",SwaziEnglish,89.3% Christianity—88.8% Protestantism—0.5% Other Christian7.4% No religion2.2% Undeclared0.5% Traditional faiths0.6% Others[1],"• Total17,364 km2(6,704 sq mi) (153rd) • Water (%)0.9","• 2020 estimate1,160,164[5](155th) • 2017 census1,093,238[6] • Density66.8/km2(173.0/sq mi) (135th)","• Total$10.717 billion • Per capita$9,409[7]","• Total$4.517 billion • Per capita$3,965[7]","Lilangeni (SZL)
South African rand (ZAR)"
Ethiopia,Addis Ababa9°1′N 38°45′E﻿ / ﻿9.017°N 38.750°E﻿ / 9.017; 38.750,Afar  Amharic  Oromo  Somali  Tigrinya[1][2][3],"67.3% Christianity
43.8% Ethiopian Orthodoxy
22.8% P'ent'ay
0.7% Other Christian31.3% Islam0.6% Traditional faiths0.8% Others / None","• Total1,104,300[9]km2(426,400 sq mi) (26th) • Water (%)0.7","• 2022 estimate113,656,596[10](13th) • 2007 census73,750,932[6] • Density92.7/km2(240.1/sq mi) (123rd)","• Total$348 billion[11](57th) • Per capita$3,434[11](160th)","• Total$111 billion[11](67th) • Per capita$1,098[11](168th)",Birr (ETB)
Fiji,Suva[2]18°10′S 178°27′E﻿ / ﻿18.167°S 178.450°E﻿ / -18.167; 178.450,"English
Fijian
Fiji Hindi[3]","64.4% Christianity
34.6% Methodism
29.8% Other Christian
27.9% Hinduism
6.3% Islam
1.4% Others / None[5]","• Total18,274 km2(7,056 sq mi) (151st) • Water (%)negligible","• 2018 estimate926,276[6](161st) • 2017 census884,887[7] • Density46.4/km2(120.2/sq mi) (148th)","• Total$12.6 billion[8](158th) • Per capita$13,944[8](102nd)","• Total$4.85 billion[8](164th) • Per capita$5,341[8](106th)",Fijian dollar (FJD)
Finland,Helsinki60°10′15″N 24°56′15″E﻿ / ﻿60.17083°N 24.93750°E﻿ / 60.17083; 24.93750,FinnishSwedish,68.6% Christianity—66.6% Lutheranism—1.1% Orthodoxy—0.9% other Christian30.6% no religion0.8% other,"• Total338,455 km2(130,678 sq mi) (65th) • Water (%)9.71 (2015)[5]","• 2023 estimate5,614,571[6](116th) • Density16.4/km2(42.5/sq mi) (213th)","• Total$321.2 billion[7](60th) • Per capita$58,010[7](21st)","• Total$267.61 billion[7](46th) • Per capita$53,745[7](16th)",Euro (€) (EUR)
France,Paris48°51′N 2°21′E﻿ / ﻿48.850°N 2.350°E﻿ / 48.850; 2.350,French[II],65.1% Christianity23.8% no religion8.7% Islam2.4% other,"• Total643,801 km2(248,573 sq mi)[5](42nd) • Water (%)0.86 (2015)[6] •Metropolitan France(IGN)551,695 km2(213,011 sq mi)[IV](50th) • Metropolitan France (Cadastre)543,940.9 km2(210,016.8 sq mi)[V][7](50th)","• January 2023 estimate68,042,591[8](20th) • Density105.4627/km2(106th) • Metropolitan France, estimate as of January 2023[update]65,834,837[9](23rd) • Density121/km2(313.4/sq mi) (89th)","• Total$3.667 trillion[10](10th) • Per capita$56,036[10](24th)","• Total$3.013 trillion[10](7th) • Per capita$44,747[10](28th)",Euro (€) (EUR)[VI]CFP franc (XPF)[VII]
Gabon,Libreville0°23′N 9°27′E﻿ / ﻿0.383°N 9.450°E﻿ / 0.383; 9.450,French,75.6% Christianity12.2% Islam5.9% No religion5.7% Traditional faiths0.6% Others,"• Total267,667 km2(103,347 sq mi) (76th) • Water (%)3.76%","• 2022 estimate2,340,613[2](146th) • Density7.9/km2(20.5/sq mi) (216th)","• Total$39.0 billion[3](132nd) • Per capita$18,080[3](83th)","• Total$22.2 billion[3](117th) • Per capita$10,282[3](75th)",Central African CFA franc (XAF)
The Gambia,Banjul13°28′N 16°36′W﻿ / ﻿13.467°N 16.600°W﻿ / 13.467; -16.600Coordinates: 13°28′N 16°36′W﻿ / ﻿13.467°N 16.600°W﻿ / 13.467; -16.600,English,96.4% Islam3.5% Christianity0.1% Others,"• Total11,300[3]km2(4,400 sq mi) (159th) • Water (%)11.5","• 2022 estimate2,413,403[4](144th) • Density176.1/km2(456.1/sq mi) (74th)","• Total$6.7 billion[5](166th) • Per capita$2,640[5](175th)",• Total$2.1  billion[5](185th) • Per capita$846[5](180th),Gambian dalasi (GMD)
Georgia (country),Tbilisi41°43′N 44°47′E﻿ / ﻿41.717°N 44.783°E﻿ / 41.717; 44.783,Georgian,"88.1% Christianity
83.4% Georgian Orthodoxy
4.7% Other Christian10.7% Islam1.2% Others / None[3]","• Total69,700 km2(26,900 sq mi) (119th)","• 2022 estimate3,688,647[a][4]4,012,104[b](126th) • 2014 census3,713,804[a][5] • Density57.6/km2(149.2/sq mi) (137th)","• Total$73.58 billion[a][6](105th) • Per capita$19,789[a][6](74th)","• Total$25.17 billion[a][6](114th) • Per capita$6,770[a][6](91st)",Georgian lari (₾) (GEL)
Germany,Berlin[b]52°31′N 13°23′E﻿ / ﻿52.517°N 13.383°E﻿ / 52.517; 13.383,German[c],,"• Total357,592 km2(138,067 sq mi)[5](63rd) • Water (%)1.27 (2015)[6]","• Q3 2022 estimate84,270,625[7](19th) • Density232/km2(600.9/sq mi) (58th)","• Total$5.317 trillion[8](5th) • Per capita$63,835[8](18th)","• Total$4.031 trillion[8](4th) • Per capita$48,398[8](20th)",Euro (€) (EUR)
Ghana,Accra5°33′N 0°12′W﻿ / ﻿5.550°N 0.200°W﻿ / 5.550; -0.200,English[1][2],71.3% Christianity—49.0% Protestantism—22.3% Other Christian19.9% Islam3.2% Traditional faiths1.1% No religion4.5% Other / Unspecified,"• Total238,535 km2(92,099 sq mi) (80th) • Water (%)4.61 (11,000 km2; 4,247 mi2)","• 2022 estimate32,103,042[4](47th) • 2021 census30,792,608[5] • Density101.5/km2(262.9/sq mi) (103rd)","• Total$217 billion[6](68th) • Per capita$6,780[6](140th)","• Total$75.9  billion[6](77th) • Per capita$2,369[6](143th)",Cedi (GHS)
Greece,Athens37°58′N 23°43′E﻿ / ﻿37.967°N 23.717°E﻿ / 37.967; 23.717,Greek,93% Christianity—90% Greek Orthodoxy (official)a—3% other Christian4% no religion2% Islam1% other[1],"• Total131,957 km2(50,949 sq mi)[2](95th) • Water (%)1.51 (2015)[3]","• 2021 census10,482,487[4](88th) • Density79.1[5]/km2(204.9/sq mi) (133th)","• Total$418.113 billion[6](54th) • Per capita$39,478[6](53rd)","• Total$239.300 billion[6](53rd) • Per capita$22,595[6](44th)",Euro (€) (EUR)
Grenada,St. George's12°03′N 61°45′W﻿ / ﻿12.050°N 61.750°W﻿ / 12.050; -61.750,English,96.6% Christianity—48.8% Roman Catholic—39.2% Protestant—8.6% Other Christian1.3% Rastafari1.0% No religion0.7% Hinduism0.4% Other,• Total348.5 km2(134.6 sq mi) (185th) • Water (%)1.6,"• 2021 estimate124,610[6][7](179th) • Density318.58/km2(825.1/sq mi) (45th)","• Total$1.801 billion[8] • Per capita$16,604[8]","• Total$1.249 billion[8] • Per capita$11,518[8]",East Caribbean dollar (XCD)
Guatemala,Guatemala City14°38′N 90°30′W﻿ / ﻿14.633°N 90.500°W﻿ / 14.633; -90.500,Spanish,"88% Christianity
45% Roman Catholic
42% Protestant
1% Other Christian11% No religion1% Other","• Total108,889 km2(42,042 sq mi) (105th) • Water (%)0.4","• 2021 estimate17,608,483 (69th) • Density129/km2(334.1/sq mi) (85th)","• Total$185.8 billion[4](77th) • Per capita$9,931[4](121nd)","• Total$91.3 billion[4](70th) • Per capita$4,880[4](108th)",Quetzal (GTQ)
Guinea,Conakry9°31′N 13°42′W﻿ / ﻿9.517°N 13.700°W﻿ / 9.517; -13.700,French,89.1% Islam6.8% Christianity1.6% Folk religions2.5% Other,"• Total245,857 km2(94,926 sq mi) (77th) • Water (%)negligible","• 2022 estimate13,237,832[4](75th) • Density40.9/km2(105.9/sq mi) (164th)","• Total$33.7  billion[5](142nd) • Per capita$2,993[5](166th)","• Total$14.8  billion[5](140th) • Per capita$1,346[5](161st)",Guinean franc (GNF)
Guinea-Bissau,Bissau11°52′N 15°36′W﻿ / ﻿11.867°N 15.600°W﻿ / 11.867; -15.600,Portuguese,46.1% Islam30.6% Traditional faiths18.9% Christianity4.4% Others / None,"• Total36,125 km2(13,948 sq mi) (134th) • Water (%)22.4","• 2022 estimate2,026,778[6](150th) • Density46.9/km2(121.5/sq mi) (154th)","• Total$3.8 billion[7] • Per capita$1,950[7]",• Total$1.480 billion[7] • Per capita$850[7],West African CFA franc (XOF)
Guyana,Georgetown6°48′21″N 58°9′3″W﻿ / ﻿6.80583°N 58.15083°W﻿ / 6.80583; -58.15083,English,62.7% Christianity24.8% Hinduism6.8% Islam3.1% No religion2.6% Others,"• Total214,970 km2(83,000 sq mi) (83rd) • Water (%)8.4","• 2022 estimate795,408[3](166th) • Density3.502/km2(9.1/sq mi) (232nd)","• Total$30.287 billion[4](142nd) • Per capita$38,258[4](49th)","• Total$13.543 billion[4](142nd) • Per capita$17,108[4](59th)",Guyanese dollar (GYD)
Haiti,Port-au-Prince18°32′N 72°20′W﻿ / ﻿18.533°N 72.333°W﻿ / 18.533; -72.333,FrenchHaitian Creole,87.0% Christianity10.7% No religion2.1% Folk religions0.2% Others,"• Total27,800 km2(10,700 sq mi) (143rd) • Water (%)0.7","• 2022 estimate11,334,637[9](83rd) • Density382/km2(989.4/sq mi) (32nd)","• Total$34.189 billion[10](144th) • Per capita$2,962[10](174th)","• Total$22.431 billion[10](139th) • Per capita$1,943[10](172nd)",Gourde (G) (HTG)
Honduras,Tegucigalpa14°6′N 87°13′W﻿ / ﻿14.100°N 87.217°W﻿ / 14.100; -87.217,Spanish,"75.7% Christianity
38.1% Catholicism
37.6% Protestantism16.2% No religion8.1% Other","• Total112,492 km2(43,433 sq mi) (101st)","• 2022 estimate9,459,440[3](95th) • Density85/km2(220.1/sq mi) (128th)","• Total$69.8 billion[4](108th) • Per capita$6,769[4](134th)","• Total$30.5 billion[4](106th) • Per capita$2,969[4](135th)",Lempira (HNL)
Hungary,Budapest47°26′N 19°15′E﻿ / ﻿47.433°N 19.250°E﻿ / 47.433; 19.250,Hungarian[2],54.3% Christianity—39.0% Catholicism—11.8% Protestantism—3.5% other Christian18.2% no religion0.3% other27.2% unanswered,"• Total93,030[7]km2(35,920 sq mi) (108th) • Water (%)3.7[8]","• 2023 estimate9,678,000[9](92nd) • Density105/km2(271.9/sq mi) (78th)","• Total$427 billion[10](54th) • Per capita$43,907[10](42st)","• Total$188 billion[10](58th) • Per capita$19,385[10](57th)",Forint (HUF)
Iceland,Reykjavík64°08′N 21°56′W﻿ / ﻿64.133°N 21.933°W﻿ / 64.133; -21.933,Icelandic,72.4% Christianity—60.9% Church of Iceland[b]—11.5% Other Christian25.2% No religion1.5% Ásatrúarfélagið0.9% Others,"• Total102,775[4]km2(39,682 sq mi) (106th) • Water (%)2.07 (as of 2015)[5]","• 2022 estimate376,248 (171st) • 2022 census387,800[6] • Density3.66/km2(9.5/sq mi) (240th)","• Total$24.888 billion[7](152nd) • Per capita$66,467[7](15th)","• Total$27.702 billion[7](109th) • Per capita$73,981[7](8th)",Icelandic króna (ISK)
India,New Delhi28°36′50″N 77°12′30″E﻿ / ﻿28.61389°N 77.20833°E﻿ / 28.61389; 77.20833,HindiEnglish[b][8],79.8% Hinduism14.2% Islam2.3% Christianity1.7% Sikhism0.7% Buddhism0.4% Jainism0.23% unaffiliated0.65% other[15],"• Total3,287,263[2]km2(1,269,219 sq mi)[f](7th) • Water (%)9.6","• 2022 estimate1,375,586,000[17](2nd[g]) • 2011 census1,210,854,977[18][19](2nd) • Density419.8/km2(1,087.3/sq mi) (30th)","• Total$13.033 trillion[20](3rd) • Per capita$9,073[20](127th)","• Total$3.737 trillion[20](5th) • Per capita$2,601[20](138th)",Indian rupee (₹) (INR)
Indonesia,Jakarta6°10′S 106°49′E﻿ / ﻿6.167°S 106.817°E﻿ / -6.167; 106.817,Indonesian,"86.7% Islam10.7% Christianity1.7% Hinduism0.8% Buddhism0.1% Folk, Confucianism, and other","•Land1,904,569[4]km2(735,358 sq mi) (14th) •Water (%)4.85","• Q4 2022 estimate277,749,853[5](4th) • 2020 census270,203,917[6] • Density143/km2(370.4/sq mi) (90th)","• TotalUS$4.398 trillion[7](7th) • Per capitaUS$15,855[7](97th)","• TotalUS$1.392 trillion[7](16th) • Per capitaUS$5,016[7](112th)",Indonesian rupiah (Rp) (IDR)
Iran,Tehran35°41′N 51°25′E﻿ / ﻿35.683°N 51.417°E﻿ / 35.683; 51.417,Persian,Shia Islam (official),"• Total1,648,195 km2(636,372 sq mi) (17th) • Water (%)1.63 (as of 2015)[4]","• 2022 estimate86,758,304[5](17th) • Density48/km2(124.3/sq mi) (162nd)","• Total$1.692 trillion[6](22nd) • Per capita$19,548[6](84th)","• Total$367.968 billion[6][n 1](43rd) • Per capita$4,252[6][n 1](124th)",Iranian rial (ریال) (IRR)
Iraq,Baghdad33°20′N 44°23′E﻿ / ﻿33.333°N 44.383°E﻿ / 33.333; 44.383,ArabicKurdish[1],"90-95%  Islam (official)[1]5-10% Christianity, Mandaeism  Yazidism, Judaism, Yarsanism, Zoroastrianism, Irreligion and others[3]","• Total438,317 km2(169,235 sq mi) (58th) • Water (%)4.62 (as of 2015)[5]","• 2022 estimate40,462,701[6](35th) • Density82.7/km2(214.2/sq mi) (125th)","• Total$512.926	 billion[7](48th) • Per capita$12,141[8](114th)","• Total$297.341 billion[8](47th) • Per capita$7,038[9](111th)",Iraqi dinar (IQD)
Republic of Ireland,Dublin53°20.65′N 6°16.05′W﻿ / ﻿53.34417°N 6.26750°W﻿ / 53.34417; -6.26750Coordinates: 53°N 8°W﻿ / ﻿53°N 8°W﻿ / 53; -8,Irish[b]English[1],"85.1% Christianity
78.3% Roman Catholic
2.6% Church of Ireland
4.2% Other Christian
10.1% No religion
2.0% Other
2.8% Not stated","• Total70,273 km2(27,133 sq mi) (118th) • Water (%)2.0%","• 2022 estimate5,123,536[4](122nd) • 2016 census4,761,865[5] • Density71.3/km2(184.7/sq mi) (113th)","• Total$633 billion[6](40th) • Per capita$124,596[6](3rd)","• Total$516 billion[6](30th) • Per capita$101,509[6](2nd)",Euro (€)[c] (EUR)
Israel,Jerusalem(limited recognition)[fn 1][fn 2]31°47′N 35°13′E﻿ / ﻿31.783°N 35.217°E﻿ / 31.783; 35.217,Hebrew,73.6% Judaism18.1% Islam1.9% Christianity1.6% Druze4.8% others,"• Total20,770–22,072 km2(8,019–8,522 sq mi)[a](149th) • Water (%)2.71 (as of 2015)[12]","• 2023 estimate9,707,360[13][fn 4](91st) • 2008 census7,412,200[14][fn 4] • Density440/km2(1,139.6/sq mi) (29th)","• Total$533.9 billion[15](48th) • Per capita$55,540[15](29th)","• Total$539.2 billion[15](29th) • Per capita$55,535[15](13rd)",New shekel (₪) (ILS)
Italy,Rome41°54′N 12°29′E﻿ / ﻿41.900°N 12.483°E﻿ / 41.900; 12.483,Italiana,84.4% Christianity11.6% No religion1.0% Islam3.0% Others,"• Total301,230 km2(116,310 sq mi) (71st) • Water (%)1.24 (2015)[2]","• 2022 estimate58,853,482[3](25th) • Density201.3/km2(521.4/sq mi) (71st)","• Total$3.195 trillion[4](12th) • Per capita$54,216[4](32nd)","• Total$2.169 trillion[4](8th) • Per capita$36,812[4](26th)",Euro (€)b (EUR)
Ivory Coast,Yamoussoukro (political)Abidjan (economic)6°51′N 5°18′W﻿ / ﻿6.850°N 5.300°W﻿ / 6.850; -5.300,French,42.5% Islam39.8% Christianity12.6% No religion2.2%  Traditional faiths (animism)0.7% Others,"• Total322,463 km2(124,504 sq mi) (68th) • Water (%)1.4[2]","• 2021 census29,389,150[3] • Density91.1/km2(235.9/sq mi) (139th)","• Total$181.5	 billion[4](78th) • Per capita$6,397[4](138th)","• Total$68.8  billion[4](84th) • Per capita$2,418[4](141th)",West African CFA franc (XOF)
Jamaica,Kingston17°58′17″N 76°47′35″W﻿ / ﻿17.97139°N 76.79306°W﻿ / 17.97139; -76.79306,English,"68.9% Christianity
64.8% Protestantism
4.1% other Christian
21.3% No religion
1.1% Rastafarianism
6.5% others
2.3% not stated[4]","• Total10,991 km2(4,244 sq mi) (160th) • Water (%)1.5","• 2018 estimate2,726,667[5](141st) • 2011 census2,697,983[6] • Density266[7]/km2(688.9/sq mi)","• Total$32.818 billion[8](143th) • Per capita$11,962[8](134th)","• Total$16.104 billion[8](119th) • Per capita$5,870[8](101st)",Jamaican dollar (JMD)
Japan,Tokyo35°41′N 139°46′E﻿ / ﻿35.683°N 139.767°E﻿ / 35.683; 139.767,Japanese (de facto),,"• Total377,975 km2(145,937 sq mi)[1](62nd) • Water (%)1.4 (2015)[2]","• 2022 estimate124,840,000[3](11th) • 2020 census126,226,568[4] • Density330/km2(854.7/sq mi) (44th)","• Total$6.139 trillion[5](4th) • Per capita$49,044[5](36th)","• Total$4.234 trillion[5](3rd) • Per capita$33,822[5](28th)",Japanese yen (¥)
Jordan,Amman31°57′N 35°56′E﻿ / ﻿31.950°N 35.933°E﻿ / 31.950; 35.933,Arabic[2],"95% Sunni Islam (official)3% Christianity1% Druze, Baháʼí","• Total89,342 km2(34,495 sq mi) (110th) • Water (%)0.6","• 2023 estimate11,180,568[3](84th) • 2015 census9,531,712[4] • Density114/km2(295.3/sq mi) (70th)","• Total$122.180 billion[5](93rd) • Per capita$11,861[5](117th)","• Total$47.745 billion[5](93rd) • Per capita$4,635[5](103rd)",Jordanian dinar (JOD)
Kazakhstan,Astana51°10′N 71°26′E﻿ / ﻿51.167°N 71.433°E﻿ / 51.167; 71.433,KazakhRussian,69.3% Islam17.2% Christianity11.01% No response2.25% Atheism0.2% Others,"• Total2,724,900 km2(1,052,100 sq mi) (9th) • Water (%)1.7","• 2022 estimate19,398,331[4](64th) • Density7/km2(18.1/sq mi) (236th)","• Total$596.666 billion[5](41st) • Per capita$30,827[5](53rd)","• Total$224.338 billion[5](55th) • Per capita$11,591[5](69th)",Tenge (₸) (KZT)
Kenya,Nairobi1°16′S 36°48′E﻿ / ﻿1.267°S 36.800°E﻿ / -1.267; 36.800,SwahiliEnglish[1],85.5% Christianity—60.8% Protestantism—20.6% Catholicism—4.1% Other Christian10.9% Islam1.6% No religion0.7% Traditional faiths1.3% Others,"• Total580,367 km2(224,081 sq mi)[3][4](48th) • Water (%)2.3","• 2022 estimate55,864,655[5](27th) • 2019 census47,564,296[6] • Density78/km2(202.0/sq mi) (124th)","• Total$333.1 billion[7](61th) • Per capita$6,122[7](140th)","• Total$114.8 billion[7](64th) • Per capita$2,255[7](146th)",Kenyan shilling (KES)
Kiribati,South Tarawa on Tarawa[1][2][3][4][5]1°28′N 173°2′E﻿ / ﻿1.467°N 173.033°E﻿ / 1.467; 173.033,EnglishGilbertese,96.2% Christianity—58.9% Roman Catholic—37.3% Other Christian2.1% Baháʼí Faith1.7% Other / None[6],• Total811 km2(313 sq mi) (172nd),"• 2021[7]estimate121,388 (192nd) • Density151.9/km2(393.4/sq mi) (55th)","• Total$255 million • Per capita$2,135[8]","• Total$187 million • Per capita$1,599[8]",Australian dollar ($) [10] (AUD)
North Korea,Pyongyang39°2′N 125°45′E﻿ / ﻿39.033°N 125.750°E﻿ / 39.033; 125.750,Korean (Munhwaŏ),"64% No religion[a]
16% Shamanism
14% Chondoism
4% Buddhism
2% Christianity","• Total120,540 km2(46,540 sq mi)[1](98th) • Water (%)0.11","• 2023 estimate26,072,217[2](55th) • Density212/km2(549.1/sq mi) (45th)","• Total$40 billion[3] • Per capita$1,800[4]",• Total$16 billion[5] • Per capita$640,Korean People's won (₩) (KPW)
South Korea,Seoul37°33′N 126°58′E﻿ / ﻿37.550°N 126.967°E﻿ / 37.550; 126.967,Korean (Pyojuneo)Korean Sign Language[1],56.1% no religion27.6% Christianity[a]15.5% Buddhism0.8% other,"• Total100,363 km2(38,750 sq mi) (107th) • Water (%)0.3","• 2023 estimate51,966,948[5](28th) • Density507/km2(1,313.1/sq mi)","• Total$2.735 trillion[6](14th) • Per capita$53,051[6](28th)","• Total$1.804 trillion[6](12th) • Per capita$34,994[6](32nd)",Korean Republic won (₩) (KRW)
Kuwait,Kuwait City,Arabic[1],"76.7% Islam (official)
17.3% Christianity
6.0% Others","• Total17,818 km2(6,880 sq mi) (152nd) • Water (%)negligible","• 2022 estimate4,294,621[4](137th) • Density200.2/km2(518.5/sq mi) (62st)","• Total$248.113 billion[5](65th) • Per capita$51,528[5](30th)","• Total$183.576 billion[5](59th) • Per capita$38,123[5](26th)",Kuwaiti dinar
Kyrgyzstan,Bishkek42°52′N 74°36′E﻿ / ﻿42.867°N 74.600°E﻿ / 42.867; 74.600,KyrgyzRussian[1],90% Islam7% Christianity3% Others,"• Total199,951 km2(77,202 sq mi) (85th) • Water7,198 km2(2,779 sq mi) • Water (%)3.6","• 2022 estimate7,000,000[5](112th[6]) • Density27.4/km2(71.0/sq mi) (109th)","• Total$37.79 billion[7](134th) • Per capita$5,562[7](148th)","• Total$9.02 billion[7](151th) • Per capita$1,327[7](166th)",Kyrgyzstani som (c) (KGS)
Laos,Vientiane17°58′N 102°36′E﻿ / ﻿17.967°N 102.600°E﻿ / 17.967; 102.600,Lao,66.0% Buddhism[b]30.7% Tai folk religion1.5% Christianity1.8% Others / None[4],"• Total236,800 km2(91,400 sq mi)[5](82nd) • Water (%)2","• 2022 estimate7,749,595[5](103rd) • Density26.7/km2(69.2/sq mi)","• Total$68.573 billion[6](109th) • Per capita$9,166[6](127th)","• Total$16.250 billion[6](131st) • Per capita$2,172[6](148th)",Kip (₭) (LAK)
Latvia,Riga56°57′N 24°6′E﻿ / ﻿56.950°N 24.100°E﻿ / 56.950; 24.100,Latviana,64% Christianity• 36% Lutheranism• 17% Catholicism• 9% Orthodoxy• 2% Other Christian35% No religion1% Others,"• Total64,589 km2(24,938 sq mi) (122nd) • Water (%)2.09 (2015)[5]","• 2022 estimate1,842,226[6](153rd) • Density29.6/km2(76.7/sq mi) (147th)","• Total$72.03billion[7](105th) • Per capita$38,124[7](48th)","• Total$40.588 billion[7](100th) • Per capita$21,482[7](44th)",Euro (€) (EUR)
Lebanon,Beirut33°54′N 35°32′E﻿ / ﻿33.900°N 35.533°E﻿ / 33.900; 35.533,Arabic[nb 1],Islam~28.7% Sunni[2]~28.4% Shi'a~0.6% Other (Alawite & Ismaili)Christianity~22% Maronite Catholic[3]~8% Greek Orthodox[4]~5% Melkite Catholic[5]~4% Armenian(Orthodox & Catholic)~1% Minorities[6]~1% Evangelical[7]Druzism~5.2% Druze[nb 3],"• Total10,452 km2(4,036 sq mi) (161st) • Water (%)1.8","• 2022 estimate5,296,814[9](122nd) • Density560/km2(1,450.4/sq mi)","• Total$78.910 billion[10] • Per capita$11,561[10]","• Total$19.008 billion[10] • Per capita$2,785[10]",Lebanese pound (LBP)
Lesotho,Maseru29°28′S 27°56′E﻿ / ﻿29.467°S 27.933°E﻿ / -29.467; 27.933,SesothoEnglish,92.3% Christianity—49.4% Roman Catholic—40.7% Protestant—2.2% Other Christian6.4% Traditional faiths1.0% Others0.3% None,"• Total30,355 km2(11,720 sq mi) (137th) • Water (%)0.0032%","• 2021 estimate2,281,454[2][3](144th) • 2004 census2,142,249 • Density68.1/km2(176.4/sq mi) (138th)","• Total$5.762 billion[4] • Per capita$2,761[4]","• Total$2.478 billion[4] • Per capita$1,187[4]",Lesotho Loti (LSL)South African rand (ZAR)
Liberia,Monrovia6°19′N 10°48′W﻿ / ﻿6.317°N 10.800°W﻿ / 6.317; -10.800,English,86.2% Christianity11.7% Islam1.4% No religion0.7% Other,"• Total43,000[1]sq mi (111,370 km2) (102nd) • Water (%)13.514","• 2022 estimate5,358,483[3](121st) • Density92.0/sq mi (35.5/km2) (180th)","• Total$8.84 billion[4](167th) • Per capita$1,667[4](184th)",• Total$3.90 billion[4](171st) • Per capita$735[4](180th),Liberian dollar (LRD)
Libya,Tripoli[1] 32°52′N 13°11′E﻿ / ﻿32.867°N 13.183°E﻿ / 32.867; 13.183,Arabic[b],99.7% Islam (official)0.3% Others,"• Total1,759,541 km2(679,363 sq mi) (16th)","• 2022 estimate7,054,493[3](104th) • 2006 census5,670,688 • Density3.74/km2(9.7/sq mi) (218th)","• Total$156.742 billion[4](92nd) • Per capita$22,900[4](81st)","• Total$43.750 billion[4](90th) • Per capita$6,391[4](108th)",Libyan dinar (LYD)
Liechtenstein,Vaduz,German,"83.2% Christianity
—73.4% Catholicism (official)
—9.8% Other Christian
7.0% No religion
5.9% Islam
3.9% Others",• Total160 km2(62 sq mi) (190th) • Water (%)2.7[3],"• 2022 estimate38,387[4](189th) • Density237/km2(613.8/sq mi) (57th)","• Total$5.3 billion[5](149th) • Per capita$98,432[6][7][8](3rd)","• Total$6.872 billion[9][7][8](147th) • Per capita$180,000[9][6][7][8](1st)",Swiss franc (CHF)
Lithuania,Vilnius54°41′N 25°19′E﻿ / ﻿54.683°N 25.317°E﻿ / 54.683; 25.317,Lithuanian[1],"79.4% Christianity
74.2% Catholicism
5.2% Other Christian
6.1% No religion
0.8% Others
13.7% No answer","• Total65,300 km2(25,200 sq mi) (121st) • Water (%)1.98 (2015)[8]","• 2022 estimate2,840,758[9](137th) • Density43/km2(111.4/sq mi) (138th)","• Total$132.695 billion[10](88th) • Per capita$47,107[10](38th)","• Total$70.523 billion[10](86th) • Per capita$25,036[10](52nd)",Euro (€) (EUR)
Luxembourg,Luxembourg[1]49°48′52″N 06°07′54″E﻿ / ﻿49.81444°N 6.13167°E﻿ / 49.81444; 6.13167Coordinates: 49°48′52″N 06°07′54″E﻿ / ﻿49.81444°N 6.13167°E﻿ / 49.81444; 6.13167,"Luxembourgish
French
German[a]","73.2% Christianity
63.8% Catholicism
9.4% Other Christian23.4% No religion3.2% Other","• Total2,586.4 km2(998.6 sq mi) (168th) • Water (%)0.23 (2015)[3]","• January 2022 estimate645,397[4](168th) • 2022 census645,397[5] • Density242/km2(626.8/sq mi) (58th)","• Total$90.532 billion[6](98th) • Per capita$140,694[6](1st)","• Total$86.898 billion[6](71st) • Per capita$135,046[6](3rd)",Euro (€) (EUR)
Madagascar,Antananarivo18°55′S 47°31′E﻿ / ﻿18.917°S 47.517°E﻿ / -18.917; 47.517,Malagasy • French,84.7% Christianity—45.8% Protestantism—38.1% Catholicism—0.8% Other Christian7.3% No religion4.7% Traditional faiths3.1% Islam0.3% Others,"• Total587,041 km2(226,658 sq mi) (46th) • Water5,501 km2(2,124 sq mi) • Water (%)0.9%","• 2023 estimate28,812,195[8](52nd) • Density47.7/km2(123.5/sq mi)","• Total$51.8 billion[9](117th) • Per capita$1,790[9](182nd)","• Total$15.10 
billion[9](139th) • Per capita$522[9](188th)",Ariary (MGA)
Malawi,Lilongwe13°57′S 33°42′E﻿ / ﻿13.950°S 33.700°E﻿ / -13.950; 33.700,English[2],82.3% Christianity—58.5% Protestantism—17.2% Catholicism—6.6% Other Christian13.8% Islam2.1% None1.2% Traditional faiths0.6% Others,"• Total118,484 km2(45,747 sq mi) (99th) • Water (%)20.6%","• 2020 estimate20,091,635[5](62nd) • 2018 census17,563,749[3] • Density153.1/km2(396.5/sq mi) (56th)","• Total$35.0
billion[6](137th) • Per capita$1,558[6](186th)",• Total$11.5 billion[6](149th) • Per capita$523[6](190th),Malawian kwacha (D) (MWK)
Malaysia,Kuala Lumpur[fn 1]3°8′N 101°41′E﻿ / ﻿3.133°N 101.683°E﻿ / 3.133; 101.683,Malay[a][b][c],63.5% Sunni Islam (official)[4]18.7% Buddhism9.1% Christianity6.1% Hinduism0.9% other1.8% unknown,"• Total330,803 km2(127,724 sq mi) (67th) • Water (%)0.3","• Feb 2023 estimate32,770,600[8](46th) • 2020 census32,447,385[9] • Density98/km2(253.8/sq mi) (116th)","• Total$1.096 trillion[10](31st) • Per capita$33,113[10](54th)","• Total$434.059 billion[10](36th) • Per capita$13,108[10](63th)",Ringgit (RM) (MYR)
Maldives,Malé,Dhivehi,Sunni Islam (official),• Total300[8]km2(120 sq mi) (187th),"• 2022 estimate579,330 or 392,040a[9](178th) • 2014 census437,535 or 339,761a[9] • Density1,102.5/km2(2,855.5/sq mi) (8th)","• Total$11.385 billion[10](162nd) • Per capita$29,133[10](62nd)","• Total$5.502 billion[10](158th) • Per capita$14,078[10](65th)","Maldivian rufiyaa (MVR)United States dollar (USD, used in Maldivian resort islands)"
Mali,Bamako12°39′N 8°0′W﻿ / ﻿12.650°N 8.000°W﻿ / 12.650; -8.000,French,95% Islam5% Others[a],"• Total1,240,192 km2(478,841 sq mi) (23rd) • Water (%)1.6","• 2022 estimate21,473,764[4](60th) • November 2018 census19,329,841[5] • Density11.7/km2(30.3/sq mi) (215th)","• Total$56.05 billion[6](115th) • Per capita$2,609[6](174th)",• Total$18.4 billion[6](123nd) • Per capita$858[6](175th),West African CFA franc (XOF)
Malta,Valletta35°54′N 14°31′E﻿ / ﻿35.900°N 14.517°E﻿ / 35.900; 14.517Coordinates: 35°54′N 14°31′E﻿ / ﻿35.900°N 14.517°E﻿ / 35.900; 14.517,MalteseEnglish[a],"90% Christianity
83% Roman Catholic (official)
7% Other Christian5% No religion2% Islam3% Others",• Total316[4]km2(122 sq mi) (186th) • Water (%)0.001,"• 2021 estimate519,562[5](167th) • 2011 census417,432[6] • Density1,649/km2(4,270.9/sq mi) (5th)","• Total$29.36  billion[7](148th) • Per capita$56,338[7](24th)","• Total$17.15  billion[7](131st) • Per capita$32,912[7](31st)",Euro (€) (EUR)
Marshall Islands,Delap-Uliga-Djarrit on Majuro[1]7°7′N 171°4′E﻿ / ﻿7.117°N 171.067°E﻿ / 7.117; 171.067,MarshalleseEnglish,97.5% Christianity—87.0% Protestantism—8.4% Catholicism—2.1% Other Christian1.5% No religion1.0% Other[3],• Total181.43 km2(70.05 sq mi) (189th) • Water (%)n/a(negligible),"• 2022 estimate61,988[5](187th) • 2011 census53,158[6] • Density293.0/km2(758.9/sq mi) (28th)","• Total$215 million • Per capita$3,789[7]","• Total$220 million • Per capita$3,866[7]",United States dollar (USD)
Mauritania,Nouakchott18°09′N 15°58′W﻿ / ﻿18.150°N 15.967°W﻿ / 18.150; -15.967,Arabic,Sunni Islam (official),"• Total1,030,000 km2(400,000 sq mi)[3](28th) • Water (%)0.03","• 2021 estimate4,614,974[4][5] • 2013 census3,537,368[3] • Density3.4/km2(8.8/sq mi)","• Total$30.013 billion[6](146th) • Per capita$6,925[6](132nd)","• Total$10.091 billion[6](151st) • Per capita$2,328[6](144th)",Ouguiya (MRU)
Mauritius,Port Louis20°12′S 57°30′E﻿ / ﻿20.2°S 57.5°E﻿ / -20.2; 57.5Coordinates: 20°12′S 57°30′E﻿ / ﻿20.2°S 57.5°E﻿ / -20.2; 57.5,None (de jure)EnglishFrench (de facto)[2],48.54% Hinduism32.71% Christianity17.30% Islam1.45% Others / None,"• Total2,040 km2(790 sq mi) (169th) • Water (%)0.07","• 2019 estimate1,265,475[6](158th) • 2011 census1,237,091[7] • Density618.24/km2(1,601.2/sq mi) (21st)","• Total$31.720 billion[8](144th) • Per capita$25,043[8](66th)","• Total$11.263 billion[8](150th) • Per capita$8,892[8](101st)",Mauritian rupee (MUR)
Mexico,Mexico City19°26′N 99°8′W﻿ / ﻿19.433°N 99.133°W﻿ / 19.433; -99.133,None at federal level[b],"78.3% Christianity
74% Catholicism
4.3% Protestantism14.8% no religion6.9% other","• Total1,972,550 km2(761,610 sq mi) (13th) • Water (%)1.58 (as of 2015)[3]","• 2022 estimate129,150,971[4](10th) • 2020 census126,014,024[5](10th) • Density61/km2(158.0/sq mi) (142nd)","• Total$2.92 trillion[6](13th) • Per capita$22,440[6](69th)","• Total$1.42 trillion[6](15th) • Per capita$10,950[6](71st)",Mexican peso (MXN)
Federated States of Micronesia,Palikir6°55′N 158°11′E﻿ / ﻿6.917°N 158.183°E﻿ / 6.917; 158.183,English,95.3% Christianity—52.6% Roman Catholic—41.7% Protestant—1.0% Other Christian4.1% Folk religions0.6% None / Others,• Total702 km2(271 sq mi) (177th) • Water (%)negligible,"• 2019 estimate104,468[3](181st) • Density158.1/km2(409.5/sq mi) (75th)","• Total$367 million • Per capita$3,584[4]","• Total$383 million • Per capita$3,735[4] • Summer (DST)not observed",United States dollar (Rai stones are used on multiple islands) (USD)
Moldova,Chișinău47°0′N 28°55′E﻿ / ﻿47.000°N 28.917°E﻿ / 47.000; 28.917,Romanian[1][2],"91.8% Christianity
90.1% Eastern Orthodoxy
1.7% Other Christian0.3% Other religions5.5% No religion2.4% Unspecified","• Incl. Transnistria33,851[7]km2(13,070 sq mi) (135th) • Water (%)1.4  (incl. Transnistria) • Excl. Transnistria30,334 km2(11,712 sq mi)[b]","• January 2022 estimate2,603,813[9][c](139th) • 2014 census2,804,801[6][c] • Density85.8/km2(222.2/sq mi)","• Total$42.028 billion[10][c](132th) • Per capita$16,840[10](89th)","• Total$15.829 billion[10][c](138th) • Per capita$6,342[10](130th)",Moldovan leu (MDL)
Monaco,Monaco (city-state)43°43′52″N 07°25′12″E﻿ / ﻿43.73111°N 7.42000°E﻿ / 43.73111; 7.42000Coordinates: 43°43′52″N 07°25′12″E﻿ / ﻿43.73111°N 7.42000°E﻿ / 43.73111; 7.42000,French[1],86.0% Christianity—80.9% Roman Catholic (official)[2]—5.1% Other Christian11.7% No religion1.7% Judaism0.6% Others[3],• Total2.02 km2(0.78 sq mi) (194th) • Water (%)negligible[4],"• 2019 estimate38,300[5](190th) • 2016 census37,308[6] • Density18,713/km2(48,466.4/sq mi) (1st)","• Total$7.672 billion (2015 est.)[7](168th) • Per capita$115,700 (2015 est.)[7](3rd)","• Total$7.424 billion[8](159th) • Per capita$190,513[9](2nd)",Euro (€) (EUR)
Mongolia,Ulaanbaatar[a]Coordinates: 48°N 106°E﻿ / ﻿48°N 106°E﻿ / 48; 106,Mongolian,51.7% Buddhism40.6% No religion3.2% Islam2.5% Shamanism1.3% Christianity0.7% Others,"• Total1,564,116 km2(603,909 sq mi) (18th) • Water (%)0.67[4]","• 2020 estimate3,227,863[5](134th) • Density2.07/km2(5.4/sq mi)","• Total$47.1 billion[6](124th) • Per capita$13,611[6](103rd)","• Total$15.7 billion[6](136rd) • Per capita$4,542[6](115th)",Tögrög (MNT)
Montenegro,Podgorica [1]42°47′N 19°28′E﻿ / ﻿42.783°N 19.467°E﻿ / 42.783; 19.467,"Albanian
Bosnian
Croatian
Serbian",76.0% Christianity—72.1% Eastern Orthodoxy—3.9% Other Christian19.1% Islam1.3% No religion1% Others2.6% No answer,"• Total13,812 km2(5,333 sq mi) (156th) • Water (%)2.6","• 2022 estimate604,966[5](169th) • Density45/km2(116.5/sq mi) (133rd)","• Total$17.191 billion[6](149th) • Per capita$28,415[6](63rd)","• Total$6.674 billion[6](153rd) • Per capita$11,030[6](73rd)",Euro (€)a (EUR)
Morocco,Rabat34°02′N 6°51′W﻿ / ﻿34.033°N 6.850°W﻿ / 34.033; -6.850,ArabicAmazigh,"99.6% Islam (official)
99.23% Sunni
0.45% Shia
0.3% Others
0.13% Agnostics
0.10% Baháʼís
0.09% Christians
0.01% Jews","• Total446,300 km2(172,300 sq mi)or 710,850 km2(274,460 sq mi)[a](39th or 57th) • Water (%)0.056(250 km2)","• 2022 estimate37,984,655[8](39th) • 2014 census33,848,242[9] • Density50.0/km2(129.5/sq mi)","• Total$359.671 billion[10](55th) • Per capita$9,808[10](122th)","• Total$142.874 billion[10](60th) • Per capita$3,896[10](123th)",Moroccan dirham (MAD)
Mozambique,Maputo25°57′S 32°35′E﻿ / ﻿25.950°S 32.583°E﻿ / -25.950; 32.583,Portuguese,55.8% Christianity26.1% Traditional faiths17.5% Islam0.5% No religion0.3% Other[b],"• Total801,590 km2(309,500 sq mi) (35th) • Water (%)2.2","• 2022 estimate31,693,239[6](46th) • Density28.7/km2(74.3/sq mi)","• Total$48.0 billion[7](121nd) • Per capita$1,457[7](187th)",• Total$17.8 billion[7](128th) • Per capita$542[7](185th),Metical (MZN)
Myanmar,Naypyidaw[a]19°45′N 96°6′E﻿ / ﻿19.750°N 96.100°E﻿ / 19.750; 96.100,Burmese,87.9% Buddhism (official)[3]6.2% Christianity4.3% Islam1.6% Others[4],"• Total261,227 sq mi (676,570 km2) (39th) • Water (%)3.06","• 2022 estimate57,526,449[7](26th) • Density196.8/sq mi (76.0/km2) (125th)","• Total$260.274 billion[8](64th) • Per capita$4,830[8](146nd)","• Total$59.530 billion[8](90th) • Per capita$1,105[8](167th)",Kyat (K) (MMK)
Namibia,Windhoek22°34′S 17°5′E﻿ / ﻿22.567°S 17.083°E﻿ / -22.567; 17.083,English,87.9% Christianity—43.7% Lutheranism—22.8% Catholicism—17.0% Anglicanism—4.4% Other Christian10.2% Traditional faiths1.6% No religion0.3% Others,"• Total825,615 km2(318,772 sq mi) (34th) • Water (%)negligible","• 2020 estimate2,550,226 (140th) • 2011 census2,113,077[11] • Density3.2/km2(8.3/sq mi) (235th)","• Total$28.0 billion[12](147th) • Per capita$10,791[12](117th)","• Total$12.4billion[12](147th) • Per capita$4,809[12](115th)",Namibian dollar  (NAD)  South African rand (ZAR)
Nauru,Yaren (de facto) [a]00°31′39″S 166°56′06″E﻿ / ﻿0.52750°S 166.93500°E﻿ / -0.52750; 166.93500,Nauruan [1] English [2],,• Total21 km2(8.1 sq mi) (193rd) • Water (%)0.57,"• 2020 estimate10,834[6][7](227th) • 2011 census10,084[8] • Density480/km2(1,243.2/sq mi) (25th)","• Total$132 million[9](192nd) • Per capita$9,995[9](94th)","• Total$133 million[9] • Per capita$10,125[9]",Australian dollar (AUD)
Nepal,Kathmandu[1]28°10′N 84°15′E﻿ / ﻿28.167°N 84.250°E﻿ / 28.167; 84.250Coordinates: 28°10′N 84°15′E﻿ / ﻿28.167°N 84.250°E﻿ / 28.167; 84.250,Nepali[2],81.3% Hinduism9.0% Buddhism4.4% Islam3.1% Kirant1.4% Christianity0.5% Prakriti0.3% Others,"• Total147,516 km2(56,956 sq mi) (93rd) • Water (%)2.8%","• 2022 estimate30,666,598[10](49th) • Density180/km2(466.2/sq mi)","• Total$141.1 billion[11](84th) • Per capita$4,677[11](150th)","• Total$39 billion (102nd) • Per capita$1,293[11](167th)","Nepalese rupee (Rs, रू) (NPR)"
Kingdom of the Netherlands,Amsterdam[b]52°22′N 4°53′E﻿ / ﻿52.367°N 4.883°E﻿ / 52.367; 4.883,EnglishPapiamentoWest Frisian,,"• Total42,531[8]km2(16,421 sq mi) (131st) • Water (%)18.96","• 2023 estimate17,821,419[9](64th) • Density532/km2(1,377.9/sq mi)",,,"4 currencies
 Euro (EUR)
   (Europe)
 US dollar (USD)
   (Caribbean Netherlands)
 NA guilder (ANG)
   (Curaçao/Sint Maarten)
 Aruban florin (AWG)
   (Aruba)"
New Zealand,Wellington41°18′S 174°47′E﻿ / ﻿41.300°S 174.783°E﻿ / -41.300; 174.783,English[n 2]MāoriNZ Sign Language,48.6% no religion37.3% Christianity2.7% Hinduism1.3% Islam1.1% Buddhism2.3% other6.7% unanswered,"• Total268,021 km2(103,483 sq mi) (75th) • Water (%)1.6[n 4]","• April 2023 estimate5,162,530[6](121st) •2018census4,699,755[7] • Density19.1/km2(49.5/sq mi) (167th)","• Total$261 billion[8](63rd) • Per capita$50,851[8](32nd)","• Total$242 billion[8](51st) • Per capita$47,278[8](23rd)",New Zealand dollar ($) (NZD)
Nicaragua,Managua12°6′N 86°14′W﻿ / ﻿12.100°N 86.233°W﻿ / 12.100; -86.233,Spanish,"84.4% Christianity
55.0% Roman Catholic
27.2% Protestant
2.2% Other Christian14.7% No religion0.9% Other","• Total130,375 km2(50,338 sq mi) (96th) • Water (%)7.14","• 2022 estimate6,301,880[6](110th) • Density51/km2(132.1/sq mi) (155th)","• Total$35.757 billion[7](115th) • Per capita$5,683[7](129th)","• Total$13.380 billion[7](127th) • Per capita$2,126[7](134th)",Córdoba (NIO)
Niger,Niamey13°32′N 2°05′E﻿ / ﻿13.533°N 2.083°E﻿ / 13.533; 2.083,French,"99.3% Islam
0.3% Christianity
0.2% Animism
0.1% Irreligion","• Total1,267,000 km2(489,000 sq mi) (21st) • Water (%)0.02","• 2022 estimate24,484,587[5](56th) • Density12.1/km2(31.3/sq mi)","• Total$29.9 billion[6](144th) • Per capita$1,443[7](188th)",• Total$14.6 billion[6](145th) • Per capita$561[6](185th),West African CFA franc (XOF)
Nigeria,Abuja9°4′N 7°29′E﻿ / ﻿9.067°N 7.483°E﻿ / 9.067; 7.483,English,,"• Total923,769 km2(356,669 sq mi) (31st) • Water (%)1.4","• 2023 estimate230,842,743[4](6th) • Density218/km2(564.6/sq mi) (42nd)","• Total$1.27 trillion[5](27th) • Per capita$5,884[5](141st)","• Total$504 billion[5](31st) • Per capita$2,326[5](145th)",Naira (₦) (NGN)
North Macedonia,Skopje42°0′N 21°26′E﻿ / ﻿42.000°N 21.433°E﻿ / 42.000; 21.433,Turkish[1]RomaniSerbianBosnianAromanian,60.4% Christianity—46.1% Eastern Orthodoxy—14.3% Other Christian32.2% Islam0.5% No religion0.2% Other7.2% Ex officio included in the census,"• Total25,713 km2(9,928 sq mi) (145th) • Water (%)1.9","• 2021 census1,836,713[2] • Density80.1/km2(207.5/sq mi) (122nd)","• Total$49.9 billion[4](130th) • Per capita$19,783[4](75th)","• Total$14.1 billion[4](143rd) • Per capita$6,816[4](90th)",Macedonian denar (MKD)
Norway,Oslo59°56′N 10°41′E﻿ / ﻿59.933°N 10.683°E﻿ / 59.933; 10.683,Norwegian[note 1]Sámi[1][note 2],74.9% Christianity—68% Church of Norway[note 4]—6.9% Other Christian21.2% No religion3.1% Islam0.8% Others,"• Total385,207 km2(148,729 sq mi)[12](61stb) • Water (%)5.32 (2015)[13]","• 2023 estimate5,488,984[14](118th) • Density14.3/km2(37.0/sq mi) (213th)","• Total$425 billion[15](52nd) • Per capita$78,128[15](6th)","• Total$504 billion[15](30th) • Per capita$92,646[15](3rd)",Norwegian krone (NOK)
Oman,Muscat23°35′20″N 58°24′30″E﻿ / ﻿23.58889°N 58.40833°E﻿ / 23.58889; 58.40833,Arabic[1],88.9% Islam (official)—35.2% Ibadism—47.2% Sunni Islam—6.5% Shia Islam5.5% Hinduism3.6% Christianity2% Others[2],"• Total309,500 km2(119,500 sq mi) (70th) • Water (%)negligible","• 2021 estimate4,520,471[5][6](125th) • 2010 census2,773,479[7] • Density15/km2(38.8/sq mi) (177th)","• Total$165.947 billion[8](78th) • Per capita$35,286 (71st)","• Total$110.127 billion[9](66th) • Per capita$23,416 (55th)",Omani rial (OMR)
Pakistan,Islamabad33°41′30″N 73°03′00″E﻿ / ﻿33.69167°N 73.05000°E﻿ / 33.69167; 73.05000,UrduEnglish,96.5% Islam (official)[7]2.1% Hinduism1.3% Christianity0.1% other,"• Total881,913 km2(340,509 sq mi)[b][9](33rd) • Water (%)2.86","• 2022 estimate242,923,845[10](5th) • Density244.4/km2(633.0/sq mi) (56th)","• Total$1.512 trillion[11](23rd) • Per capita$6,662[11](168th)","• Total$376.493 billion[12](42nd) • Per capita$1,658[11](177th)",Pakistani rupee (₨) (PKR)
Palau,Ngerulmud7°30′N 134°37′E﻿ / ﻿7.500°N 134.617°E﻿ / 7.500; 134.617,PalauanEnglish,89.7% Christianity5.7% Modekngei3.0% Islam1.6% Other / None,• Total459 km2(177 sq mi) (180th) • Water (%)negligible,"• 2018 estimate18,024[3][4](222nd) • 2022 census18,233 • Density46.7/km2(121.0/sq mi)","• Total$300 million[5] • Per capita$16,296[5](81st)","• Total$322 million[5] • Per capita$17,438[5]",United States dollar (USD)
State of Palestine,Jerusalem (limited recognition)[b]Ramallah,Arabic,,"• Total6,020[6]km2(2,320 sq mi) (163rd) • Water (%)3.5[7] •West Bank5,655 km2 •Gaza Strip365 km2[8]","• 2021 estimate5,227,193[9](121st) • Density731/km2(1,893.3/sq mi)","• Total$33.9 billion[10](138th) • Per capita$6,354[10](140th)","• Total$19.6 billion[10](121st) • Per capita$3,517[10](131st)",Egyptian pound (EGP)Israeli new shekel (ILS)Jordanian dinar (JOD)[13]
Panama,Panama City8°58′N 79°32′W﻿ / ﻿8.967°N 79.533°W﻿ / 8.967; -79.533,Spanish,91.5% Christianity—63.2% Roman Catholic—25.0% Protestant—3.3% Other Christian7.6% No religion0.9% Other,"• Total75,417 km2(29,119 sq mi)[3][4](116th) • Water (%)2.9","• 2022 estimate4,337,768[5](127th) • Density56/km2(145.0/sq mi) (122nd)","• Total$128.500 billion[6](80th) • Per capita$29,608[6](57th)","• Total$59.260 billion[6](70th) • Per capita$13,849[6](52nd)",Balboa (PAB)United States dollar (USD)
Papua New Guinea,Port Moresby09°28′44″S 147°08′58″E﻿ / ﻿9.47889°S 147.14944°E﻿ / -9.47889; 147.14944,EnglishHiri MotuPNG Sign LanguageTok Pisin,95.5% Christianity—64.3% Protestantism—26.0% Catholicism—5.2% Other Christian3.1% Unspecified1.4% Others / None,"• Total462,840 km2(178,700 sq mi) (54th) • Water (%)2","• 2020 estimate8,935,000 (98th) • 2011 census7,275,324[7] • Density15/km2(38.8/sq mi) (201st)","• Total$32.382 billion[8](124th) • Per capita$3,764[8](145th)","• Total$21.543 billion[8](110th) • Per capita$2,504[8](129th)",Kina (PGK)
Paraguay,Asunción25°16′S 57°40′W﻿ / ﻿25.267°S 57.667°W﻿ / -25.267; -57.667,SpanishGuarani,96.1% Christianity—88.3% Roman Catholic—7.8% Other Christian2.6% No religion0.4% Other0.8% Unknown,"• Total406,796 km2(157,065 sq mi) (59th) • Water (%)2.6","• 2021 estimate7,359,000[5](104th) • Density18/km2(46.6/sq mi) (210th)","• Total$108.4 billion[6](94th) • Per capita$14,528[6](98th)","• Total$41.88 billion[6](98th) • Per capita$5,615[6](104th)",Guaraní (PYG)
Peru,Lima12°2.6′S 77°1.7′W﻿ / ﻿12.0433°S 77.0283°W﻿ / -12.0433; -77.0283,"Quechua
Aymara
Other Indigenous languages","94.5% Christianity
76.0% Catholicism
18.5% Other Christian5.1% No religion0.4% Other","• Total1,285,216 km2(496,225 sq mi) (19th) • Water (%)0.41","• 2023 estimate34,352,719[4](45th) • Density23/km2(59.6/sq mi) (198th)","• Total$513.715 billion[5](47th) • Per capita$15,035[5](96th)","• Total$240.346 billion[5](52nd) • Per capita$7,034[5](94th)",Peruvian sol (PEN)
Philippines,Manila (de jure)14°35′N 120°58′E﻿ / ﻿14.583°N 120.967°E﻿ / 14.583; 120.967Metro Manila[a] (de facto),FilipinoEnglish,"88.7% Christianity
79.5% Catholicism
9.1% other Other Christian6.0% Islam5.3% other / none","298,170 km2 (115,120 sq mi)","• 2020 census109,035,343 • Density336/km2(870.2/sq mi) (37th)","• TotalUS$1.289 trillion[9](30th) • Per capitaUS$11,420[9](119th)","• TotalUS$440 billion[9](36th) • Per capitaUS$3,905[9](124th)",Philippine peso (₱) (PHP)
Poland,Warsaw52°13′N 21°02′E﻿ / ﻿52.217°N 21.033°E﻿ / 52.217; 21.033,Polish[1],"88.7% Christianity
87.6% Catholicism
1.1% other Christian2.4% no religion0.2% other8.7% unanswered","• Total312,696 km2(120,733 sq mi)[6](69th) • Water (%)1.48 (2015)[7]","• 2022 census38,036,118[8](38th) • Density122/km2(316.0/sq mi) (98th)","• Total$1.637 trillion[9](22nd) • Per capita$43,480[9](41st)","• Total$688 billion[9](23rd) • Per capita$18,280[9](56th)",Złoty (PLN)
Portugal,Lisbon38°46′N 9°9′W﻿ / ﻿38.767°N 9.150°W﻿ / 38.767; -9.150,Portuguese,"84.8% Christianity
80.2% Catholicism
4.6% Other Christian14.1% No religion1.1% Others","• Total92,212 km2(35,603 sq mi)[6](109th) • Water (%)1.2 (2015)[7]","• 2021 estimate10,421,117[8](89th) • 2021 census10,343,066[9] • Density112.2[10]/km2(290.6/sq mi)","• Total$460.1 billion[11](49th) • Per capita$44,707[11](42th)","• Total$267.7 billion[11](51th) • Per capita$26,013[11](41th)",Euro (€) (EUR)
Qatar,Doha25°18′N 51°31′E﻿ / ﻿25.300°N 51.517°E﻿ / 25.300; 51.517,Arabic[1],65.5% Islam (official)15.1% Hinduism14.2% Christianity3.3% Buddhism1.9% Others,"• Total11,581 km2(4,471 sq mi) (158th) • Water (%)0.8","• 2020 estimate2,795,484[7](139th) • 2010 census1,699,435[8] • Density176/km2(455.8/sq mi) (76th)","• Total$303.596 billion[9](62st) • Per capita$113,675[9](4th)","• Total$221.369 billion[9](55th) • Per capita$82,877[9](5th)",Qatari riyal (QAR)
Romania,Bucharest44°25′N 26°06′E﻿ / ﻿44.417°N 26.100°E﻿ / 44.417; 26.100,Romanian[1],"84.8% Christianity
73.4% Romanian Orthodoxy
6.2% Protestantism
4.5% Catholicism
0.7% Other Christian9.0% No religion5.8% Unanswered0.5% Others","• Total238,397 km2(92,046 sq mi)[7](81st) • Water (%)3","•2022census19,053,815[3] • Density79.9/km2(206.9/sq mi) (136th)","• Total$783.903	billion[8](35th) • Per capita$41,633[8](48th)","• Total$348.902 billion[8](45th) • Per capita$18,530[8](61st)",Romanian leu (RON)
Russia,Moscow55°45′21″N 37°37′02″E﻿ / ﻿55.75583°N 37.61722°E﻿ / 55.75583; 37.61722,Russian[3],"47.4% Christianity
41% Russian Orthodoxy
6.4% other Christian38.2% no religion6.5% Islam[b]2.4% other (including Buddhism)[5]5.5% unanswered","• Total17,098,246 km2(6,601,670 sq mi)[11](within internationally recognised borders)
17,234,028 km2(6,654,095 sq mi) (including claimed territories) (1st) • Water (%)13[12](including swamps)","• 2022 estimate147,182,123 (2021 Census)[13](including Crimea)[14]144,699,673(excluding Crimea)[14](9th) • Density8.4/km2(21.8/sq mi) (181st)","• Total$4.989 trillion[15](6th) • Per capita$34,837[15](60th)","• Total$2.063 trillion[15](11th) • Per capita$14,404[15](67th)",Ruble (₽) (RUB)
Rwanda,Kigali1°56′38″S 30°3′34″E﻿ / ﻿1.94389°S 30.05944°E﻿ / -1.94389; 30.05944,KinyarwandaFrenchEnglishSwahili,93.8% Christianity3.0% No religion2.2% Islam1.0% Others[2],"• Total26,338 km2(10,169 sq mi) (144th) • Water (%)5.3","• 2023 estimate13,843,840[5](76th) • 2022 census13,246,394[6] • Density470/km2(1,217.3/sq mi) (22nd)","• Total$37.5 billion[7](139th) • Per capita$2,836[7](170th)",• Total$12.1 billion[7](148th) • Per capita$912[7](172th),Rwandan franc (RWF)
Saint Kitts and Nevis,Basseterre17°18′N 62°44′W﻿ / ﻿17.300°N 62.733°W﻿ / 17.300; -62.733,English,94.6% Christianity—81.3% Protestantism—13.3% Other Christian2.6% No religion1.5% Hinduism1.3% Others,• Total261 km2(101 sq mi) (188th) • Water (%)Negligible,"• 2021 estimate47,606[3][4](187th) • 2011 census47,195 • Density164/km2(424.8/sq mi) (64th)","• Total$1.758 billion • Per capita$31,095[5]","• Total$1.058 billion • Per capita$18,714[5]",East Caribbean dollar (EC$) (XCD)
Saint Lucia,Castries13°53′00″N 60°58′00″W﻿ / ﻿13.88333°N 60.96667°W﻿ / 13.88333; -60.96667Coordinates: 13°53′00″N 60°58′00″W﻿ / ﻿13.88333°N 60.96667°W﻿ / 13.88333; -60.96667[1],English,90.3% Christianity5.9% No religion1.9% Rastafari0.5% Other1.5% Not Stated,• Total617 km2(238 sq mi) (178th) • Water (%)1.6,"• 2022 estimate184,961 (189th) • 2010 census165,595 • Density299.4/km2(775.4/sq mi) (29th)","• Total$3.008 billion[5](193rd) • Per capita$16,417[6](92nd)","• Total$1.972 billion[6](188th) • Per capita$10,763[6](72nd)",E.C Dollar (XCD)
Saint Vincent and the Grenadines,Kingstown13°10′N 61°14′W﻿ / ﻿13.167°N 61.233°W﻿ / 13.167; -61.233,English,88.6% Christianity—70.2% Protestantism—18.4% Other Christian3.4% Hinduism2.5% No religion1.8% Rastafari1.6% Baha'i faith1.5% Islam0.6% Other,• Total389 km2(150 sq mi) (184th) • Water (%)negligible,"• 2021 estimate104,332[2][3](179th) • 2021 census100,455 • Density307/km2(795.1/sq mi) (39th)","• Total$1.373 billion • Per capita$12,431[4]","• Total$864 million • Per capita$7,827[4]",E.C dollar (XCD)
Samoa,Apia13°50′00″S 171°45′44″W﻿ / ﻿13.83333°S 171.76222°W﻿ / -13.83333; -171.76222,Samoan • English,97.9% Christianity (official)[2]—27.0% Calvinism—18.8% Catholicism—16.9% Mormonism—12.4% Methodism—22.8% Other Christian1.7% No religion0.4% Other[3],"• Total2,831[4]km2(1,093 sq mi) (167th) • Water (%)0.3","• November 2021 census205,557[5](176th) • Density70/km2(181.3/sq mi)","• Total$1.188 billion[6] • Per capita$5,962[6]","• Total$881 million[6] • Per capita$4,420[6]",Tālā (WS$b) (WST)
San Marino,San Marino43°56′N 12°26′E﻿ / ﻿43.933°N 12.433°E﻿ / 43.933; 12.433Coordinates: 43°56′N 12°26′E﻿ / ﻿43.933°N 12.433°E﻿ / 43.933; 12.433,Italian[3],Christianity (Catholicism),• Total61.2 km2(23.6 sq mi)[1](191st) • Water (%)0,"• 2021 estimate33,600[4](191st) • Density520/km2(1,346.8/sq mi) (23rd)","• Total$2.45 billion[5](194th) • Per capita$72,070[5](10th)","• Total$1.62 billion[5](192nd) • Per capita$47,700[5](20th)",Euro (€) (EUR)
São Tomé and Príncipe,São Tomé0°20′N 6°44′E﻿ / ﻿0.333°N 6.733°E﻿ / 0.333; 6.733,Portuguese,81.1% Christianity (Catholic Church)13.2% No religion3.1% Folk religions2.4% Others,• Total964[4]km2(372 sq mi) (171st) • Water (%)Negligible,"• 2021 estimate223,107[5][6](186th) • 2012 census178,739 • Density199.7/km2(517.2/sq mi) (69th)","• Total$685 million[7] • Per capita$3,220[7]","• Total$355 million[7] • Per capita$1,668[7]",Dobra (STN)
Saudi Arabia,Riyadh24°39′N 46°46′E﻿ / ﻿24.650°N 46.767°E﻿ / 24.650; 46.767,Arabic[5][6],"93.0% Islam (official)[8]85–90% Sunni
10–15% Shia4.4% Christianity1.1% Hinduism0.7% Unaffiliated0.3% Buddhism","• Total2,149,690[5]km2(830,000 sq mi) (12th) • Water (%)0.7","• 2022 estimate38,401,000[12](40th) • Density15/km2(38.8/sq mi) (174th)","• Total$2.300 trillion[13](17th) • Per capita$67,019[14](27th)","• Total$1.061 trillion[15](18th) • Per capita$29,922[16](43th)",Saudi riyal (SR) (SAR)
Senegal,Dakar14°40′N 17°25′W﻿ / ﻿14.667°N 17.417°W﻿ / 14.667; -17.417,French,96.6% Islam3.3% Christianity0.1% Other/None,"• Total196,712 km2(75,951 sq mi) (86th) • Water (%)2.1","• 2021 estimate17,196,308[7](72nd) • 2016 census16,624,000[8](73rd) • Density68.7/km2(177.9/sq mi) (134th)","• Total$72.703 billion[9](106th) • Per capita$4,113[9](156th)","• Total$27.542 billion[9][10](111th) • Per capita$1,558[9](157th)",West African CFA franc (XOF)
Serbia,Belgrade44°48′N 20°28′E﻿ / ﻿44.800°N 20.467°E﻿ / 44.800; 20.467,Serbian[b],"90.6% Christianity
84.6% Eastern Orthodoxy
5.0% Catholicism
1.0% Protestantism3.1% Islam1.1% No religion5.2% Other / No answer(excluding Kosovo)[a]","• Including Kosovo[a]88,499 km2(34,170 sq mi) (111th) • Excluding Kosovo[a]77,474 km2(29,913 sq mi)[1]","• 2022 census6,690,887 (excluding Kosovo)[2](107th) • Density86/km2(222.7/sq mi) (130th)","• Total$164.8 billion (excluding Kosovo)[a][3](80th) • Per capita$23,534 (excluding Kosovo)[a][3](68th)","• Total$62.7  billion (excluding Kosovo)[a][3](88th) • Per capita$10,147 (excluding Kosovo)[a][3](80th)",Serbian dinar (RSD)
Seychelles,Victoria4°37′S 55°27′E﻿ / ﻿4.617°S 55.450°E﻿ / -4.617; 55.450,EnglishFrenchSeychellois Creole,89.2% Christianity—76.2% Catholicism—6.1% Anglicanism—6.9% Other Christian2.4% Hinduism1.6% Islam1.1% Others0.9% None4.8% Undeclared[2],• Total459 km2(177 sq mi) (181st) • Water (%)negligible,"• 2022 estimate100,447 (182nd) • Density214.5/km2(555.6/sq mi) (67th)","• Total$3.725 billion[3](190th) • Per capita$37,661[3](60th)","• Total$2.005 
billion[3](187th) • Per capita$20,266[3](48th)",Seychellois rupee (SCR)
Sierra Leone,Freetown08°30′00″N 12°06′00″W﻿ / ﻿8.50000°N 12.10000°W﻿ / 8.50000; -12.10000Coordinates: 08°30′00″N 12°06′00″W﻿ / ﻿8.50000°N 12.10000°W﻿ / 8.50000; -12.10000,English,Islam (78.5%) Christianity (20.4%) Others (1.1%),"• Total71,740 km2(27,700 sq mi) (117th) • Water (%)1.1","• 2022 estimate8,692,606[4](100th) • Density112/km2(290.1/sq mi) (114tha)","• Total$16.4  billion[5](152nd) • Per capita$1,972[5](185th)",• Total$4.1  billion[5](170th) • Per capita$494[5](193th),Leone (SLL)
Singapore,Singapore (city-state)1°17′N 103°50′E﻿ / ﻿1.283°N 103.833°E﻿ / 1.283; 103.833Coordinates: 1°17′N 103°50′E﻿ / ﻿1.283°N 103.833°E﻿ / 1.283; 103.833,EnglishMalayMandarinTamil,31.1% Buddhism20.0% No religion18.9% Christianity15.6% Islam8.8% Taoism5.0% Hinduism0.6% Others,• Total733.1 km2(283.1 sq mi)[2](176th),"• 2022 estimate5,637,000[c](115th) • Density7,804/km2(20,212.3/sq mi) (3rd)","• Total$701.804 billion[4](38th) • Per capita$131,580[4](2nd)","• Total$424.431 billion[4](37th) • Per capita$79,576[4](7th)",Singapore dollar (S$) (SGD)
Slovakia,Bratislava48°09′N 17°07′E﻿ / ﻿48.150°N 17.117°E﻿ / 48.150; 17.117,Slovak,"68.8% Christianity
59.8% Catholicism
7.6% Protestantism
1.4% Other Christian23.8% No religion0.9% Others6.5% Unspecified","• Total49,035 km2(18,933 sq mi) (127th) • Water (%)0.72 (2015)[3]","• 2022 census5,460,185[4](117th) • Density111/km2(287.5/sq mi) (88th)","• Total$211.119 billion[5](70th) • Per capita$38,320[5](44th)","• Total$118.434 billion[5](62nd) • Per capita$21,665[5](47th)",Euro (€) (EUR)
Slovenia,Ljubljana46°03′N 14°30′E﻿ / ﻿46.050°N 14.500°E﻿ / 46.050; 14.500,Slovene[i],77.8% Christianity—73.4% Catholicism—3.7% Orthodoxy—0.7% Other Christian18.3% No religion3.9% Others,"• Total20,271 km2(7,827 sq mi) (150th) • Water (%)0.7[5]","• 2021 estimate2,110,547[6](147th) • 2002 census1,964,036 • Density103[6]/km2(266.8/sq mi) (106th)","• Total$111 billion[7](93rd) • Per capita$52,640[7](34th)","• Total$68 billion[7](80th) • Per capita$32,214[7](36th)",Euro (€) (EUR)
Solomon Islands,Honiara9°25′55″S 159°57′20″E﻿ / ﻿9.43194°S 159.95556°E﻿ / -9.43194; 159.95556,English,97.4% Christianity—76.6% Protestantism—19.0% Catholicism—1.8% Other Christian1.2% Folk religions1.4% Others / None,"• Total28,400 km2(11,000 sq mi) (139th) • Water (%)3.2%","• 2021 estimate707,851[3][4](167th) • Density18.1/km2(46.9/sq mi) (200th)","• Total$1.479 billion[5] • Per capita$2,307[5]","• Total$1.511 billion[5] • Per capita$2,357[5]",Solomon Islands dollar (SBD)
Somalia,Mogadishu2°2′N 45°21′E﻿ / ﻿2.033°N 45.350°E﻿ / 2.033; 45.350,"Somali, Arabic[1]",Sunni Islam (official)[1],"• Total637,657[1]km2(246,201 sq mi) (43rd)","• 2022 estimate17,066,000[3](78th) • Density27.2[3]/km2(70.4/sq mi) (199th)","• TotalUS$20.641 billion (155th) • Per capitaUS$1,322[4](222nd)",• TotalUS$7.62 billion[5](184th) • Per capitaUS$544[6](211th),Somali shilling (SOS)
South Africa,Pretoria (executive)[2]Cape Town (legislative)[2]Bloemfontein (judicial)[2],"11 languages[1]
Zulu
Xhosa
Afrikaans
English
Sepedi
Swazi
Sesotho
Setswana
Xitsonga
Tshivenda
Ndebele

Languages with special status[4]
Khoe languages NamaKhoisan languagesSouth African Sign LanguageGermanGreekGujaratiHindiPortugueseTeluguTamilUrduArabicHebrewSanskrit","78.0% Christianity
58.3% Protestantism
19.7% Other Christian10.9% No religion4.4% Traditional faiths1.6% Islam1.0% Hinduism2.7% Others1.4% Undetermined","• Total1,221,037 km2(471,445 sq mi) (24th) • Water (%)0.380","• 2022 estimate60 604 992 (2022 est.)[7](24th) • 2011 census51,770,560[8]: 18 • Density42.4/km2(109.8/sq mi) (169th)","• Total$1.00 trillion[9](33rd) • Per capita$16,040[9](95th)","• Total$422 billion[9](39th) • Per capita$6,812[9](93rd)",South African rand (ZAR)
South Sudan,Juba04°51′N 31°36′E﻿ / ﻿4.850°N 31.600°E﻿ / 4.850; 31.600,English[1],60.5% Christianity32.9% Traditional faiths6.2% Islam0.4% Others / None,"• Total644,329 km2(248,777 sq mi) (41st)","• 2022 estimate11,544,905[10](82nd) • Density13.33/km2(34.5/sq mi) (214th)",• Total$13.6 billion[11](157th) • Per capita$934[11](191st),• Total$4.7 billion[11](164th) • Per capita$326[11](194th),South Sudanese pound (SSP)
Spain,Madrid40°26′N 3°42′W﻿ / ﻿40.433°N 3.700°W﻿ / 40.433; -3.700,Spanish[b],53.8% Christianity41.3% No religion3.0% Others1.9% Unanswered,"• Total505,990[5]km2(195,360 sq mi) (51st) • Water (%)0.89 (2015)[6]","• 2023 estimate47,325,360[7](31st) • Density94/km2(243.5/sq mi) (120th)","• Total$2.20 trillion[8](16th) • Per capita$46,511[8](37th)","• Total$1.389 trillion[8](16th) • Per capita$29,198[8](40th)",Euro[d] (€) (EUR)
Sri Lanka,Sri Jayawardenepura Kotte (legislative)[1]Colombo (executive and judicial)[2]6°56′N 79°52′E﻿ / ﻿6.933°N 79.867°E﻿ / 6.933; 79.867,SinhalaTamil[3],70.2% Buddhism (official)[5]12.6% Hinduism9.7% Islam7.4% Christianity0.1% Other/None,"• Total65,610.2 km2(25,332.2 sq mi) (120th) • Water (%)4.4","• 2020 estimate22,157,000[9](57th) • 2012 census20,277,600[10] • Density337.7/km2(874.6/sq mi) (24th)","• Total$318.6 billion[11](60th) • Per capita$14,234[11](101th)","• Total$73.7 billion[11](79th) • Per capita$3,293[11](132th)",Sri Lankan rupee (Rs) (LKR)
Sudan,Khartoum15°38′N 032°32′E﻿ / ﻿15.633°N 32.533°E﻿ / 15.633; 32.533,ArabicEnglish,91.7% Islam4.5% Christianity2.8% Traditional Faiths1% Others,"• Total1,886,068 km2(728,215 sq mi) (15th)","• 2022 estimate47,958,856[8](30th) • Density21.3/km2(55.2/sq mi) (202nd)","• Total$207.7 billion[9](71st) • Per capita$4,450[9](151st)",• Total$42.7 billion[9](96th) • Per capita$916[9](171st),Sudanese pound (SDG)
15 December 1954,Paramaribo5°50′N 55°10′W﻿ / ﻿5.833°N 55.167°W﻿ / 5.833; -55.167,Dutch,52.3% Christianity18.8% Hinduism14.3% Islam6.2% No religion5.6% Folk religions2.8% Others,"• Total163,821 km2(63,252 sq mi) (90th) • Water (%)1.1","• 2022 estimate632,638[7](170th) • Density3.9/km2(10.1/sq mi) (231st)","• Total$10.707 billion[8] • Per capita$17,350[8]","• Total$3.011 billion[8] • Per capita$4,880[8]",Surinamese dollar (SRD)
Sweden,Stockholm59°21′N 18°4′E﻿ / ﻿59.350°N 18.067°E﻿ / 59.350; 18.067,Swedish[b],"61.4% Christianity
55.2% Church of Sweden[c]
6.2% Other Christian36.0% No religion2.3% Islam0.3% Others","• Total447,425 km2(172,752 sq mi) (55th) • Water (%)8.97 (2022)[12]","• 31 May 2022 estimate10,481,937[13](87th) • Density25/km2(64.7/sq mi) (198th)","• Total$712.02 billion[14](40th) • Per capita$65,842[14](18th)","• Total$599.05 billion[14](25th) • Per capita$55,395[14](14th)",Swedish krona (SEK)
Switzerland,"None (de jure)
Bern (de facto)[a][1][2]46°57′N 7°27′E﻿ / ﻿46.950°N 7.450°E﻿ / 46.950; 7.450","German
French
Italian
Romansh","62.6% Christianity
34.4% Catholicism
22.5% Swiss Reformed
5.7% other Christian29.4% no religion5.4% Islam0.6% Hinduism0.9% other1.1% unanswered","• Total41,285 km2(15,940 sq mi) (132nd) • Water (%)4.34 (2015)[7]","• 2020 estimate8,738,791[8](99th) • 2015 census8,327,126[9] • Density207/km2(536.1/sq mi) (48th)","• Total$739.49 billion[10](35th) • Per capita$84,658[10](5th)","• Total$841.69 billion[10](20th) • Per capita$92,434[10](7th)",Swiss franc (CHF)
Syria,Damascus33°30′N 36°18′E﻿ / ﻿33.500°N 36.300°E﻿ / 33.500; 36.300,Arabic[1],87% Islam10% Christianity[2]3% Druze,"• Total185,180[6]km2(71,500 sq mi) (87th) • Water (%)1.1","• 2022 estimate22,125,249[7](60th) • Density118.3/km2(306.4/sq mi) (70th)","• Total$50.28 billion[8] • Per capita$2,900[8]",• Total$24.6 billion[8](167),Syrian pound (SYP)
Tajikistan,Dushanbe38°33′N 68°48′E﻿ / ﻿38.550°N 68.800°E﻿ / 38.550; 68.800,Tajik (national)Russian (interethnic)[1],"96.4% Islam
96% Hanafi Sunni
4% Ismaili Shia
1.8% Christianity
1.5% Irreligion
0.3% Others","• Total142,326 km2(54,952 sq mi) (94th) • Water2,575 km2(994 sq mi) • Water (%)1.8","• 2022 estimate9,750,065[8][9](94th) • Density48.6/km2(125.9/sq mi) (155th)","• Total$47.2 billion[10](123nd) • Per capita$4,803[10](147th)","• Total$9.9 billion[10](152nd) • Per capita$1,015[10](169tn)",Somoni (TJS)
Tanzania,Dodoma,SwahiliEnglishArabic (only in Zanzibar)[1],63.1% Christianity34.1% Islam1.5% No religion1.2% Traditional faiths0.1% Others,"• Total947,303 km2(365,756 sq mi) (30th) • Water (%)6.4[3]","• 2022 census61,741,120[4](23rd) • Density47.5/km2(123.0/sq mi) (157th)","• Total$207.5 billion[5](72nd) • Per capita$3,374[5](163th)","• Total$76.5[5]billion (76th) • Per capita$1,245[5](164th)",Tanzanian shilling (TZS)
Thailand,Bangkok13°45′N 100°29′E﻿ / ﻿13.750°N 100.483°E﻿ / 13.750; 100.483,Thai[1],"93.5% Buddhism
5.4% Islam
1.13% Christianity
0.02% Hinduism
0.003% no religion","• Total513,120 km2(198,120 sq mi) (50th) • Water (%)0.4 (2,230 km2)","• 2022 estimate69,648,117[4](20th) • 2010 census64,785,909[5](21st) • Density132.1/km2(342.1/sq mi) (88th)","• Total$1.480 trillion[6](23rd) • Per capita$21,114[6](73rd)","• Total$534.758 billion[6](28th) • Per capita$7,631[6](89th)",Baht (฿) (THB)
Togo,Lomé6°8′N 1°13′E﻿ / ﻿6.133°N 1.217°E﻿ / 6.133; 1.217,French,47.8% Christianity33.0% Traditional faiths18.4% Islam0.5% Baha'i faith0.3% Others / None[3],"• Total56,785 km2(21,925 sq mi) (123rd) • Water (%)4.2","• 2022 estimate8,492,333[4](102nd) • Density125.9/km2(326.1/sq mi)","• Total$22.7 billion[5](151st) • Per capita$2,612[5](175th)",• Total$8.5 billion[5](157th) • Per capita$916[5](170th),West African CFA franc (XOF)
Tonga,Nukuʻalofa21°08′S 175°12′W﻿ / ﻿21.133°S 175.200°W﻿ / -21.133; -175.200,TonganEnglish,96.9% Christianity—53.7% Methodism—18.6% Mormonism—14.2% Catholicism—10.4% Other Christian2.2% Baha'i faith0.5% No religion0.3% Others,• Total748 km2(289 sq mi) (175th) • Water (%)4.0,"• 2021 census100,209[3](199th) • Density139/km2(360.0/sq mi) (76tha)","• Total$655 million • Per capita$6,496[4]","• Total$493 million • Per capita$4,888[4]",Paʻanga (TOP)
Trinidad and Tobago,Port of Spain10°40′0″N 61°30′27″W﻿ / ﻿10.66667°N 61.50750°W﻿ / 10.66667; -61.50750,English[1],63.2% Christianity20.4% Hinduism5.6% Islam2.5% No religion8.3% Other,"• Total5,131 km2(1,981 sq mi) (164th) • Water (%)negligible","• 2022 estimate1,405,646[6](151st) • Density264/km2(683.8/sq mi) (34th)","• Total$42.1 billion[7](126th) • Per capita$29,793[7](58th)","• Total$29.3 billion[7](107th) • Per capita$20,746[7](47th)",Trinidad and Tobago dollar (TTD)
Tunisia,Tunis36°49′N 10°11′E﻿ / ﻿36.817°N 10.183°E﻿ / 36.817; 10.183,Arabic[2],"99% Islam (official)1% Others (inc. Christians, Jews, Shia Islam, Baháʼís and irreligious)[10][11][12]","• Total163,610 km2(63,170 sq mi) (91st) • Water (%)5.04","• 2020 estimate11,708,370[13](81st) • Density71.65/km2(185.6/sq mi) (144th)","• Total$149.184 billion[14](82nd) • Per capita$12,300[14](113th)","• Total$49.815 billion[14](92th) • Per capita$4,071[14](129th)",Tunisian dinar (TND)
Turkey,Ankara39°N 35°E﻿ / ﻿39°N 35°E﻿ / 39; 35Coordinates: 39°N 35°E﻿ / ﻿39°N 35°E﻿ / 39; 35,Turkish[1][2],See religion in Turkey,"• Total783,356 km2(302,455 sq mi) (36th) • Water (%)2.03 (2015)[6]","• December 2022 estimate85,279,553[7](18th) • Density111[7]/km2(287.5/sq mi) (107th)","• Total$3.573 trillion[8](11th) • Per capita$41,412[8](46th)","• Total$1.029 trillion[8](19th) • Per capita$11,932[8](71st)",Turkish lira (₺) (TRY)
Turkmenistan,Ashgabat37°58′N 58°20′E﻿ / ﻿37.967°N 58.333°E﻿ / 37.967; 58.333,Turkmen[3],93% Islam6.4% Christianity0.6% Other,"• Total491,210 km2(189,660 sq mi)[9](52nd) • Water24,069 km2(9,293 sq mi) • Water (%)4.9","• 2022 estimate5,636,011[10](115th) • Density10.5/km2(27.2/sq mi) (221st)","• Total$117.7 billion[11](93nd) • Per capita$18,875[11](80th)","• Total$74.4 billion[11](78th) • Per capita$11,929[11](68th)",Manat (TMT)
Tuvalu,Funafuti8°31′S 179°12′E﻿ / ﻿8.517°S 179.200°E﻿ / -8.517; 179.200,TuvaluanEnglish,Christianity (official)[1],• Total26 km2(10 sq mi)[2](192nd) • Water (%)negligible,"• 2021 estimate11,900 (225th) • 2017 census10,645 • Density475.88/km2(1,232.5/sq mi) (27th)","• Total$39 million[3](226th) • Per capita$3,566[3](156th)","• Total$45 million[3](194th) • Per capita$2,970[3](118th)","Tuvaluan dollar
Australian dollar (AUD)"
Uganda,Kampala,"English, Swahili[6]",84.4% Christianity—39.3% Catholicism—32.0% Anglicanism—13.1% Other Christian13.7% Islam1.9% Others / None,"• Total241,038 km2(93,065 sq mi) (79th) • Water (%)15.39","• 2021 estimate45,853,778[9][10](35th) • 2014 census34,634,650[11] • Density157.1/km2(406.9/sq mi) (75th)","• Total$129.48 billion[12](88th) • Per capita$2,960[12](172nd)","• Total$46.38 billion[12](90th) • Per capita$1,060[12](196th)",Ugandan shilling (UGX)
Ukraine,Kyiv49°N 32°E﻿ / ﻿49°N 32°E﻿ / 49; 32,Ukrainian[1],87.3% Christianity11.0% No religion0.8% Others0.9% Unanswered,"• Total603,628[4]km2(233,062 sq mi) (45th) • Water (%)3.8[5]","• 2023 estimate36,744,636[6](41st) • Density73.8/km2(191.1/sq mi) (115th)","• Total$441.075 billion[7] • Per capita$12,660[7]","• Total$151.1 billion[7] • Per capita$4,349[7]",Hryvnia (₴) (UAH)
United Arab Emirates,Abu Dhabi24°28′N 54°22′E﻿ / ﻿24.467°N 54.367°E﻿ / 24.467; 54.367,Arabic[1],,"• Total83,600 km2(32,300 sq mi) (114th) • Water (%)negligible","• 2020 estimate9,282,410[9](92nd) • 2005 census4,106,427 • Density121/km2(313.4/sq mi) (110th)","• Total$779.234 billion[10](34th) • Per capita$78,255[10](6th)","• Total$501.354 billion[10](32nd) • Per capita$50,349[10](21st)",UAE dirham (AED)
United Kingdom,London51°30′N 0°7′W﻿ / ﻿51.500°N 0.117°W﻿ / 51.500; -0.117,None (de jure)English (de facto),59.5% Christianity25.7% no religion4.4% Islam1.3% Hinduism1.2% other0.7% Sikhism7.2% undeclared,"• Total242,495 km2(93,628 sq mi)[9](78th) • Water (%)1.51 (2015)[10]","• 2023 estimate68,138,484[11](21st) • 2011 census63,182,178[12](22nd) • Density270.7/km2(701.1/sq mi) (50th)","• Total$3.847 trillion[13](10th) • Per capita$56,471[13](28th)","• Total$3.159 trillion[13](6th) • Per capita$46,371[13](24th)",Pound sterling[f] (GBP)
United States,"Washington, D.C.38°53′N 77°01′W﻿ / ﻿38.883°N 77.017°W﻿ / 38.883; -77.017",None at the federal level[a],"63% Christianity
40% Protestantism
21% Catholicism
2% other Christian29% no religion1% Buddhism1% Hinduism1% Islam1% Judaism2% other2% unanswered","3,531,905 sq mi (9,147,590 km2) (3rd)","• 2022 estimate333,287,557[12] • 2020 census331,449,281[d][13](3rd) • Density87/sq mi (33.6/km2) (185th)","• Total$26.855 trillion[14](2nd) • Per capita$80,035[14](8th)","• Total$26.855 trillion[14](1st) • Per capita$80,035[14](7th)",U.S. dollar ($) (USD)
Uruguay,Montevideo34°53′S 56°10′W﻿ / ﻿34.883°S 56.167°W﻿ / -34.883; -56.167,Spanish[a]Uruguayan Sign Language[b],54.3% Christianity—44.8% Roman Catholic—9.5% Other Christian44.5% No religion1.2% Other / Unspecified,"• Total181,034 km2(69,898 sq mi) (89th) • Water (%)1.5","• 2022 estimate3,407,213[6](132nd) • Density19.8/km2(51.3/sq mi) (206th)","• Total$96.810 billion[7](98th) • Per capita$27,233[7](62nd)","• Total$71.161 billion[7](80th) • Per capita$20,018[7](49th)",Uruguayan peso (UYU)
Uzbekistan,Tashkent41°19′N 69°16′E﻿ / ﻿41.317°N 69.267°E﻿ / 41.317; 69.267,Uzbek[1][2],96.1% Islam2.2% Christianity1.7% Others,"• Total448,978 km2(173,351 sq mi) (56th) • Water (%)4.9","• 2022 estimate36,024,000[10](40th) • Density74.1/km2(191.9/sq mi) (128th)","• Total$334 billion[11](58th) • Per capita$11,500[11](124th)","• Total$80 billion[11](75th) • Per capita$2,774[11](147th)",Uzbek soum and dollar  (UZS)
Vanuatu,Port VilaCoordinates: 17°S 168°E﻿ / ﻿17°S 168°E﻿ / -17; 168,BislamaEnglishFrench,93.3% Christianity—35.0% Presbyterianism—44.5% Other Protestant—13.8% Catholicism4.1% Folk religions1.2% None1.4% Others,"• Total12,189 km2(4,706 sq mi) (157th)","• 2020 estimate307,815[4](181st) • 2016 census272,459[5] • Density19.7/km2(51.0/sq mi) (188th)","• Total$820 million[6](178th) • Per capita$2,850[6](155th)","• Total$957 million[6](175th) • Per capita$3,327[6](124th)",Vatu (VUV)
Vatican City,,Latin,Roman Catholicism(State religion),• Total0.49[c]km2(0.19 sq mi) (195th),"• 2019 estimate453[11](195th) • Density924/km2(2,393.1/sq mi) (12th)",,,Euro (€) (EUR)
Venezuela,Caracas10°30′N 66°55′W﻿ / ﻿10.500°N 66.917°W﻿ / 10.500; -66.917,Spanish[b],"92.6% Christianity
80.5% Roman Catholicism
11.2% Protestantism
0.9% Other Christian
5.5% No religion
1.1% Spiritism
0.8% Other","• Total916,445 km2(353,841 sq mi) (32nd) • Water (%)3.2%[d]","• 2022 estimate29,789,730[8](50th) • Density33.74/km2(87.4/sq mi) (144st)","• Total$191.329 billion[9](81st) • Per capita$7,108[9](159th)","• Total$82.145 billion[9](94th) • Per capita$3,052[9](145th)",Venezuelan bolívar (official) United States dollar (unofficial)
Vietnam,Hanoi21°2′N 105°51′E﻿ / ﻿21.033°N 105.850°E﻿ / 21.033; 105.850,Vietnamese (de facto)[n 1],45.3% Folk28.4% No religion14.9% Buddhism8.5% Christianity1.5% Hoahaoism1.2% Caodaism0.2% Others[3],"• Total331,212 km2(127,882 sq mi) (66th) • Water (%)6.38","• 2022 estimate99,460,000[5](15th) • 2019 census96,208,984[2] • Density295.0/km2(764.0/sq mi) (29th)","• Total$1.278 trillion[6](25th) • Per capita$12,881[6](111th)","• Total$408.947 billion[6](39th) • Per capita$4,122[6](139th)",đồng (₫) (VND)
Yemen,Aden[n 2],Arabic[2],"99% Islam (official) 
1% includes Hindus, Christians and others","• Total555,000[3]km2(214,000 sq mi) (49th) • Water (%)negligible","• 2022 estimate30,984,689[4](48th) • Density44.7/km2(115.8/sq mi) (160th)","• Total$65.603 billion[5](111th) • Per capita$2,078[5](213th)",• Total$28.134 billion[5](111th) • Per capita$891[5](195th),Yemeni rial (YER)
Zambia,Lusaka15°25′S 28°17′E﻿ / ﻿15.417°S 28.283°E﻿ / -15.417; 28.283,English,Christianity (official),"• Total752,617 km2(290,587 sq mi)[2](38th) • Water (%)1","• 2022 estimate19,610,769[3](63rd) • Density26.1/km2(67.6/sq mi)","• Total$76.325 billion[4](102nd) • Per capita$3,803[4](158th)","• Total$27.02 billion[4](112nd) • Per capita$1,348[4](160th)",Zambian kwacha (ZMW)
Zimbabwe,Harare17°49′45″S 31°03′08″E﻿ / ﻿17.82917°S 31.05222°E﻿ / -17.82917; 31.05222,"16 languages:[4] ChewaChibarweEnglishKalanga""Koisan"" (presumably Tsoa)NambyaNdauNdebeleShanganiShona""sign language""SothoTongaTswanaVendaXhosa",84.1% Christianity—69.2% Protestantism—14.9% Other Christian10.2% No religion4.5% Traditional faiths1.2% Others,"• Total390,757 km2(150,872 sq mi) (60th) • Water (%)1","• 2022 estimate15,121,004[8](73rd) • 2022 census15,178,979[9] • Density39/km2(101.0/sq mi)","• Total$40.04 billion[10](129th) • Per capita$2,555[10](175th)","• Total$38.2[10]billion (104th) • Per capita$2,402[10](140th)",Zimbabwean dollarU.S. dollar ($) (USD)[13]South African rand[13]
Abkhazia,Sukhumi43°00′N 40°59′E﻿ / ﻿43.000°N 40.983°E﻿ / 43.000; 40.983,AbkhazRussiana,,"• Total8,665[1]km2(3,346 sq mi)","• 2020 estimate244,926[2](185th) • 2011 census240,705 • Density28.3/km2(73.3/sq mi)",,"• Total31.4 billionruble(439.6 millionUS$) • Per capita128,203ruble(1,795US$)",Abkhazian apsarRussian rublec (RUB)
Republic of Artsakh,Stepanakert39°52′N 46°43′E﻿ / ﻿39.867°N 46.717°E﻿ / 39.867; 46.717Coordinates: 39°52′N 46°43′E﻿ / ﻿39.867°N 46.717°E﻿ / 39.867; 46.717,Armenian[a]Russian[b],,"• Total3,170[3]km2(1,220 sq mi) (unranked)","• March 2021[4]estimate120,000 • 2015[5]census150,932 (191st)","• Total$713 million (n/a) • Per capita$4,803 (n/a)",,Artsakh dramArmenian dram (AMD)
Cook Islands,Avarua21°12′S 159°46′W﻿ / ﻿21.200°S 159.767°W﻿ / -21.200; -159.767,EnglishCook Islands Māori (including Pukapukan[a]),,• Total236.7 km2(91.4 sq mi) (unranked),"• 2021 census15,040[4](223rd) • Density63/km2(163.2/sq mi) (138th)",,"• TotalUS$384 million[5](not ranked) • Per capitaUS$21,994 (not ranked)",New Zealand dollar (NZD)Cook Islands dollar (formerly)
Kosovo,Pristinaa42°40′N 21°10′E﻿ / ﻿42.667°N 21.167°E﻿ / 42.667; 21.167,AlbanianSerbian,95.6% Islam3.7% Christianity0.1% No religion0.1% Others0.1% Not stated,"• Total10,887 km2(4,203 sq mi) • Water (%)1.0[5]","• 2022 estimate1,806,279[6](152nd) • Density159/km2(411.8/sq mi)","• Total$25.3 billion[7](151nd) • Per capita$14,532[7](100th)","• Total$9.2 billion[7](155th) • Per capita$5,230[7](105th)",Euro (€)b (EUR)
Niue,Alofi19°03′14″S 169°55′12″W﻿ / ﻿19.05389°S 169.92000°W﻿ / -19.05389; -169.92000,EnglishNiuean,96.4% Christianity3.3% None0.3% Others[1],• Total261.46[5]km2(100.95 sq mi) • Water (%)negligible,"• 2021 estimate1,937[6][7](not ranked) • 2017 census1,784[8] • Density6.71/km2(17.4/sq mi) (not ranked)","• Total$10.0 million[9](228th) • Per capita$5,800[10](164th)","• TotalNZ$43.536 million (US$30,510,028)[11]",New Zealand dollar[a] (NZD)
Northern Cyprus,North Nicosia (de facto)Nicosia (de jure)[1]35°11′N 33°22′E﻿ / ﻿35.183°N 33.367°E﻿ / 35.183; 33.367,Turkish,,"• Total3,355 km2(1,295 sq mi) (unranked) • Water (%)2.7","• 2021 estimate382,836[4] • Density114/km2(295.3/sq mi) (unranked)",,"• Total$4.234 billion[5] • Per capita$14,942[5]",Turkish lira (₺) (TRY)
Sahrawi Arab Democratic Republic,"Rabuni, Tindouf",Arabic[2],Islam,"• Total266,000 km2(103,000 sq mi) (77th) • Water (%)Negligible","• 2021 estimate612,000 or 712,000c(165th) • Density0.37 or 1.9/km2(1.0 or 4.9/sq mi) (236th)",• Per capitaUnknown,,"de facto - Moroccan dirham (in claimed areas), Algerian dinar, Mauritanian ouguiyade jure - Sahrawi peseta"
Somaliland,Hargeisa9°33′N 44°03′E﻿ / ﻿9.550°N 44.050°E﻿ / 9.550; 44.050,Somali,Islam (Official),"• Total177,000[5]km2(68,000 sq mi)","• 2021[6]estimate5,741,086[6](113th) • Density28.27[5]/km2(73.2/sq mi)",• Total$2.5 billion[7] • Per capita$675[5],,Somaliland shilling
South Ossetia,Tskhinvali42°13′30″N 43°58′12″E﻿ / ﻿42.22500°N 43.97000°E﻿ / 42.22500; 43.97000,OssetianRussian[1],,"• Total3,900 km2(1,500 sq mi) • Water (%)negligible","• 2022 estimate56,520[2] • 2015 census53,532 (212th) • Density13.7/km2(35.5/sq mi)",,"• TotalUS$100million[3] • Per capitaUS$2,000",Russian ruble (RUB)
Taiwan,Taipei[a][2]25°04′N 121°31′E﻿ / ﻿25.067°N 121.517°E﻿ / 25.067; 121.517,Standard Chinese[b][5][6][7],35.1% Buddhism33.0% Taoism26.7% No religion3.9% Christianity1.3% Others,"• Total36,197 km2(13,976 sq mi)[17][14]","• 1 July 2022 estimate23,894,394[18](56th) • 2010 census23,123,866[19] • Density650/km2(1,683.5/sq mi) (10th)","• Total$1.71 trillion[20](20th) • Per capita$73,340[20](15th)","• Total$790.7 billion[20](21st) • Per capita$33,907[20](30th)",New Taiwan dollar (NT$) (TWD)
Transnistria,Tiraspol46°50′25″N 29°38′36″E﻿ / ﻿46.84028°N 29.64333°E﻿ / 46.84028; 29.64333,RussianaRomanianbUkrainian,,"• Total4,163 km2(1,607 sq mi) • Water (%)2.35","• 31 December 2022 estimate360,938 (Moldovan estimate)[7] • 2015 census475,373[8] • Density73.5/km2(190.4/sq mi)",,"• Total$1.0 billion • Per capita$2,000",Transnistrian ruble (PRB)
